Any,Mitja,CIF,Grup,Subvencions,Contractes,Pub. institucional,Total,admin_ajuntament_bcn,admin_altres,admin_altres_ajuntaments,admin_diputacio_bcn,admin_diputacio_girona,admin_diputacio_lleida,admin_diputacio_tarragona,admin_estat,admin_generalitat,Nom_comercial,Tipus_mitja,Ambit,Govern_Generalitat
2015,"EL PERIODICO DE CATALUNYA, SLU",B66485343,Prensa Ibérica,0.0,0.0,3659692.01,3659692.01,0.0,231181.9,0.0,0.0,0.0,0.0,0.0,0.0,3428510.11,El Periódico de Catalunya,Premsa,Catalunya,CiU
2015,"HERMES COMUNICACIONS,S.A.",A17374547,Hermes Comunicacions (Punt Avui),0.0,0.0,3552221.0,3552221.0,0.0,147594.83,0.0,0.0,0.0,0.0,0.0,0.0,3404626.17,El Punt Avui,Premsa,Catalunya,CiU
2015,"CORPORACIO CATALANA DE MITJANS AUDIOVISUALS, S.A.",A08849622,CCMA (Mitjans públics catalans),0.0,0.0,2406820.03,2406820.03,0.0,1534209.45,0.0,0.0,0.0,0.0,0.0,0.0,872610.58,TV3 (CCMA),TV,Catalunya,CiU
2015,"EDICIO DE PREMSA PERIODICA ARA, SL",B65258261,Diari ARA,0.0,0.0,2387072.21,2387072.21,0.0,68344.35,0.0,0.0,0.0,0.0,0.0,0.0,2318727.86,Ara,Premsa,Catalunya,CiU
2015,"LA VANGUARDIA EDICIONES,S.L.",B61475257,Grup Godó,0.0,0.0,1920371.65,1920371.65,0.0,242057.18,0.0,0.0,0.0,0.0,0.0,0.0,1678314.47,La Vanguardia,Premsa,Catalunya,CiU
2015,"RADIOCAT XXI,S.L.",B61726626,Grup Godó,0.0,0.0,1612474.13,1612474.13,0.0,501274.44,0.0,0.0,0.0,0.0,0.0,0.0,1111199.69,RAC1,Ràdio,Catalunya,CiU
2015,"EMISSIONS DIGITALS DE CATALUNYA, SA",A63200828,8TV,0.0,0.0,1476817.6,1476817.6,0.0,290538.1,0.0,0.0,0.0,0.0,0.0,0.0,1186279.5,8TV,TV,Catalunya,CiU
2015,"GRUP FLAIX, SL",B61801635,Flaix (Flaixbac / Flaix FM),0.0,0.0,516456.15,516456.15,0.0,115244.27,0.0,0.0,0.0,0.0,0.0,0.0,401211.88,Flaix (Flaixbac / Flaix FM),Ràdio,Catalunya,CiU
2015,Atresmedia Corporación de Medios de Comunicación SA,A86436195,Antena 3 (Atresmedia),0.0,0.0,367707.87,367707.87,0.0,239518.57,0.0,0.0,0.0,0.0,0.0,0.0,128189.3,Antena 3 (Atresmedia),TV,Espanya,CiU
2015,"MEDIASET ESPAÑA COMUNICACIÓN, S.A.",A79075438,Telecinco / Cuatro (Mediaset),0.0,0.0,336479.82,336479.82,0.0,238736.94,0.0,0.0,0.0,0.0,0.0,0.0,97742.88,Telecinco / Cuatro (Mediaset),TV,Espanya,CiU
2015,"SOCIEDAD ESPANOLA DE RADIODIFUSION, SL",B28016970,Grupo Prisa,0.0,0.0,326931.75,326931.75,0.0,198818.15,0.0,0.0,0.0,0.0,0.0,0.0,128113.6,Cadena SER,Ràdio,Espanya,CiU
2015,"EDICIONES EL PAIS, S.L.",B85635910,Grupo Prisa,0.0,0.0,236382.15,236382.15,0.0,117245.57,0.0,0.0,0.0,0.0,0.0,0.0,119136.58,El País,Premsa,Espanya,CiU
2015,CATALUNYA RÀDIO,A08846974,CCMA (Mitjans públics catalans),0.0,0.0,225082.48,225082.48,0.0,171227.16,0.0,0.0,0.0,0.0,0.0,0.0,53855.32,Catalunya Ràdio,Ràdio,Catalunya,CiU
2015,PROMOTORA MEDITERRANEA DE INFORMACI,A43056787,El Temps,0.0,0.0,197037.18,197037.18,0.0,53284.1,0.0,0.0,0.0,0.0,0.0,0.0,143753.08,El Temps,Premsa,Comunitat Valenciana,CiU
2015,UNIPREX SA,A28782936,Onda Cero / Europa FM,0.0,0.0,189437.45,189437.45,0.0,89731.27,0.0,0.0,0.0,0.0,0.0,0.0,99706.18,Onda Cero / Europa FM,Ràdio,Espanya,CiU
2015,"EDICIONES DEP.CATALANAS,S.A.",A08605503,Prensa Ibérica,0.0,0.0,168418.45,168418.45,0.0,37472.38,0.0,0.0,0.0,0.0,0.0,0.0,130946.07,Sport,Premsa,Catalunya,CiU
2015,"DIARI SEGRE, S.L.U.",B25275926,Segre,0.0,0.0,165249.4,165249.4,0.0,19266.04,0.0,0.0,0.0,0.0,0.0,0.0,145983.36,Segre,Premsa,Local/Comarcal,CiU
2015,"20 MINUTOS EDITORA, SL",B99083966,20 Minutos,0.0,0.0,156549.63,156549.63,0.0,41821.77,0.0,0.0,0.0,0.0,0.0,0.0,114727.86,20 Minutos,Premsa,Espanya,CiU
2015,"DIARI DE GIRONA, S.A.",A61135521,Prensa Ibérica,0.0,0.0,150607.45,150607.45,0.0,19004.56,0.0,0.0,0.0,0.0,0.0,0.0,131602.89,Diari de Girona,Premsa,Local/Comarcal,CiU
2015,"PARTAL, MARESMA & ASSOCIATS,S.L.",B61017810,VilaWeb,0.0,0.0,149345.16,149345.16,0.0,59363.37,0.0,0.0,0.0,0.0,0.0,0.0,89981.79,VilaWeb,Internet,Catalunya,CiU
2015,"EL MUNDO DEPORTIVO, SA",A59114082,Grup Godó,0.0,0.0,141327.7,141327.7,0.0,21891.32,0.0,0.0,0.0,0.0,0.0,0.0,119436.38,Mundo Deportivo,Premsa,Espanya,CiU
2015,"EDICIONS INTERCOMARCALS,S.A.",A08539165,Regió 7,0.0,0.0,125198.82,125198.82,0.0,11917.97,0.0,0.0,0.0,0.0,0.0,0.0,113280.85,Regió 7,Premsa,Local/Comarcal,CiU
2015,"SERVEIS DE COMUNICACIO GLOBAL AQUITANIA,",B60955564,Nació Digital,0.0,0.0,124065.1,124065.1,0.0,22639.13,0.0,0.0,0.0,0.0,0.0,0.0,101425.97,Nació Digital,Internet,Catalunya,CiU
2015,Multiprensa y Más SL,B82399327,Multiprensa (premsa esportiva),0.0,0.0,123331.65,123331.65,0.0,35684.17,0.0,0.0,0.0,0.0,0.0,0.0,87647.48,Multiprensa (premsa esportiva),Premsa,Espanya,CiU
2015,PREMSA D OSONA (EL 9 NOU),A08447369,El 9 Nou,0.0,0.0,110432.24,110432.24,0.0,4870.14,0.0,0.0,0.0,0.0,0.0,0.0,105562.1,El 9 Nou,Premsa,Local/Comarcal,CiU
2015,ASSOCIACIO DE MITJANS D INFORMACIO I COMUNICACIO,G61514162,AMIC (Associació de Mitjans),0.0,0.0,106285.39,106285.39,0.0,16157.95,0.0,0.0,0.0,0.0,0.0,0.0,90127.44,AMIC (Associació de Mitjans),Associació/Entitat,Catalunya,CiU
2015,"RADIO TELE TAXI, SA",A08911745,Radio Tele Taxi,0.0,0.0,99730.42,99730.42,0.0,37131.06,0.0,0.0,0.0,0.0,0.0,0.0,62599.36,Radio Tele Taxi,Ràdio,Local/Comarcal,CiU
2015,"SAPIENS, SCCL",F64074982,Sàpiens,0.0,0.0,76461.54,76461.54,0.0,31014.32,0.0,0.0,0.0,0.0,0.0,0.0,45447.22,Sàpiens,Premsa,Catalunya,CiU
2015,80 MES 4 PUBLICACIONS SL,B65672495,Premsa comarcal (80 Mes 4 Publicacions),0.0,0.0,66252.41,66252.41,0.0,29550.52,0.0,0.0,0.0,0.0,0.0,0.0,36701.89,Premsa comarcal (80 Mes 4 Publicacions),Premsa,Local/Comarcal,CiU
2015,"RADIO POPULAR,S.A.",A28281368,Cadena COPE,0.0,0.0,65433.21,65433.21,0.0,37507.86,0.0,0.0,0.0,0.0,0.0,0.0,27925.35,Cadena COPE,Ràdio,Espanya,CiU
2015,Ediciones Condé Nast SA,A28122076,"Condé Nast (Vogue, GQ...)",0.0,0.0,56000.0,56000.0,0.0,56000.0,0.0,0.0,0.0,0.0,0.0,0.0,0.0,"Condé Nast (Vogue, GQ...)",Premsa,Espanya,CiU
2015,Informació i Comunicació de Barcelona SA SPM,A60783686,Barcelona TV (ICB),0.0,0.0,49493.36,49493.36,0.0,45242.34,0.0,0.0,0.0,0.0,0.0,0.0,4251.02,Barcelona TV (ICB),TV,Local/Comarcal,CiU
2015,Time Out Spain Media SL,B66236373,Time Out,0.0,0.0,37387.41,37387.41,0.0,6295.57,0.0,0.0,0.0,0.0,0.0,0.0,31091.84,Time Out,Premsa,Espanya,CiU
2015,EDICIONS DIARI DE TERRASSA S.L.,B02851848,Diari de Terrassa,0.0,0.0,34722.99,34722.99,0.0,7192.61,0.0,0.0,0.0,0.0,0.0,0.0,27530.38,Diari de Terrassa,Premsa,Local/Comarcal,CiU
2015,"RBA Revistas, SL",B64610389,RBA Holding,0.0,0.0,24840.7,24840.7,0.0,24840.7,0.0,0.0,0.0,0.0,0.0,0.0,0.0,RBA Revistas,Premsa,Espanya,CiU
2015,Catalunya Ràdio SRG,A08775487,CCMA (Mitjans públics catalans),0.0,0.0,19005.37,19005.37,0.0,10502.56,0.0,0.0,0.0,0.0,0.0,0.0,8502.81,Catalunya Ràdio,Ràdio,Catalunya,CiU
2015,Unidad Editorial Información General SL,B86150332,El Mundo / Unidad Editorial,0.0,0.0,15619.62,15619.62,0.0,6090.83,0.0,0.0,0.0,0.0,0.0,0.0,9528.79,El Mundo / Unidad Editorial,Premsa,Espanya,CiU
2015,AUDIOVISUAL ESPAÑOLA 2000 SA,A82031329,esRadio,0.0,0.0,10705.67,10705.67,0.0,2660.24,0.0,0.0,0.0,0.0,0.0,0.0,8045.43,esRadio,Ràdio,Espanya,CiU
2015,HEARST ESPAÑA SL,B81230764,Hearst España (revistes),0.0,0.0,8400.0,8400.0,0.0,8400.0,0.0,0.0,0.0,0.0,0.0,0.0,0.0,Hearst España (revistes),Premsa,Espanya,CiU
2015,"DIARIO ABC,SL",B82824194,ABC,0.0,0.0,6459.7,6459.7,0.0,1479.5,0.0,0.0,0.0,0.0,0.0,0.0,4980.2,ABC,Premsa,Espanya,CiU
2015,"Publicacions de l'Abadia de Montserrat, S.A.",A08176499,Publicacions de l'Abadia de Montserrat,0.0,0.0,5836.8,5836.8,0.0,1105.92,0.0,0.0,0.0,0.0,0.0,0.0,4730.88,Publicacions de l'Abadia de Montserrat,Premsa,Catalunya,CiU
2015,Marca Radio SL,B85088052,Radio Marca,0.0,0.0,3750.0,3750.0,0.0,3750.0,0.0,0.0,0.0,0.0,0.0,0.0,0.0,Radio Marca,Ràdio,Espanya,CiU
2015,Unidad Editorial Información Económica SL,B85076900,Unidad Editorial (informació econ.),0.0,0.0,2832.98,2832.98,0.0,0.0,0.0,0.0,0.0,0.0,0.0,0.0,2832.98,Unidad Editorial (informació econ.),Premsa,Espanya,CiU
2015,GRUP LES NOTICIES DE CATALUNYA,B66541947,El Nacional,0.0,0.0,1995.01,1995.01,0.0,0.0,0.0,0.0,0.0,0.0,0.0,0.0,1995.01,El Nacional,Internet,Catalunya,CiU
2016,"EL PERIODICO DE CATALUNYA, SLU",B66485343,Prensa Ibérica,0.0,0.0,3420629.02,3420629.02,0.0,157298.54,0.0,0.0,0.0,0.0,0.0,2007.76,3261322.72,El Periódico de Catalunya,Premsa,Catalunya,'Junts pel Sí'
2016,"HERMES COMUNICACIONS,S.A.",A17374547,Hermes Comunicacions (Punt Avui),0.0,1500.0,2542983.03,2544483.03,0.0,92013.77,1500.0,0.0,0.0,0.0,0.0,1098.51,2449870.75,El Punt Avui,Premsa,Catalunya,'Junts pel Sí'
2016,"LA VANGUARDIA EDICIONES,S.L.",B61475257,Grup Godó,0.0,0.0,2055008.67,2055008.67,0.0,273589.54,0.0,0.0,0.0,0.0,0.0,2344.28,1779074.85,La Vanguardia,Premsa,Catalunya,'Junts pel Sí'
2016,"CORPORACIO CATALANA DE MITJANS AUDIOVISUALS, S.A.",A08849622,CCMA (Mitjans públics catalans),0.0,0.0,1748279.67,1748279.67,0.0,954402.91,0.0,0.0,0.0,0.0,0.0,449.75,793427.01,TV3 (CCMA),TV,Catalunya,'Junts pel Sí'
2016,"EDICIO DE PREMSA PERIODICA ARA, SL",B65258261,Diari ARA,0.0,0.0,1464725.79,1464725.79,0.0,78150.53,0.0,0.0,0.0,0.0,0.0,1038.01,1385537.25,Ara,Premsa,Catalunya,'Junts pel Sí'
2016,"RADIOCAT XXI,S.L.",B61726626,Grup Godó,0.0,0.0,1416279.14,1416279.14,0.0,623905.39,0.0,0.0,0.0,0.0,0.0,0.0,792373.75,RAC1,Ràdio,Catalunya,'Junts pel Sí'
2016,"EMISSIONS DIGITALS DE CATALUNYA, SA",A63200828,8TV,0.0,0.0,1275335.38,1275335.38,0.0,199373.39,0.0,0.0,0.0,0.0,0.0,0.0,1075961.99,8TV,TV,Catalunya,'Junts pel Sí'
2016,"GRUP FLAIX, SL",B61801635,Flaix (Flaixbac / Flaix FM),0.0,0.0,591675.43,591675.43,0.0,181026.88,0.0,0.0,0.0,0.0,0.0,0.0,410648.55,Flaix (Flaixbac / Flaix FM),Ràdio,Catalunya,'Junts pel Sí'
2016,GRUP LES NOTICIES DE CATALUNYA,B66541947,El Nacional,0.0,0.0,389711.89,389711.89,0.0,17211.78,0.0,0.0,0.0,0.0,0.0,0.0,372500.11,El Nacional,Internet,Catalunya,'Junts pel Sí'
2016,"SOCIEDAD ESPANOLA DE RADIODIFUSION, SL",B28016970,Grupo Prisa,0.0,0.0,385021.04,385021.04,0.0,262844.83,0.0,0.0,0.0,0.0,0.0,0.0,122176.21,Cadena SER,Ràdio,Espanya,'Junts pel Sí'
2016,"EDICIONES DEP.CATALANAS,S.A.",A08605503,Prensa Ibérica,0.0,0.0,341018.33,341018.33,0.0,19161.68,0.0,0.0,0.0,0.0,0.0,0.0,321856.65,Sport,Premsa,Catalunya,'Junts pel Sí'
2016,"SERVEIS DE COMUNICACIO GLOBAL AQUITANIA,",B60955564,Nació Digital,0.0,0.0,314151.53,314151.53,0.0,27669.44,0.0,0.0,0.0,0.0,0.0,840.0,285642.09,Nació Digital,Internet,Catalunya,'Junts pel Sí'
2016,"20 MINUTOS EDITORA, SL",B99083966,20 Minutos,0.0,0.0,291327.82,291327.82,0.0,30957.76,0.0,0.0,0.0,0.0,0.0,0.0,260370.06,20 Minutos,Premsa,Espanya,'Junts pel Sí'
2016,"EL MUNDO DEPORTIVO, SA",A59114082,Grup Godó,0.0,0.0,244838.93,244838.93,0.0,19404.79,0.0,0.0,0.0,0.0,0.0,0.0,225434.14,Mundo Deportivo,Premsa,Espanya,'Junts pel Sí'
2016,CATALUNYA RÀDIO,A08846974,CCMA (Mitjans públics catalans),0.0,0.0,239093.85,239093.85,0.0,175603.81,0.0,0.0,0.0,0.0,0.0,0.0,63490.04,Catalunya Ràdio,Ràdio,Catalunya,'Junts pel Sí'
2016,"DIARI SEGRE, S.L.U.",B25275926,Segre,0.0,0.0,226606.09,226606.09,0.0,31480.97,0.0,0.0,0.0,0.0,0.0,0.0,195125.12,Segre,Premsa,Local/Comarcal,'Junts pel Sí'
2016,UNIPREX SA,A28782936,Onda Cero / Europa FM,0.0,0.0,186673.18,186673.18,0.0,144598.47,0.0,0.0,0.0,0.0,0.0,0.0,42074.71,Onda Cero / Europa FM,Ràdio,Espanya,'Junts pel Sí'
2016,Ediciones Condé Nast SA,A28122076,"Condé Nast (Vogue, GQ...)",0.0,0.0,166519.23,166519.23,0.0,166519.23,0.0,0.0,0.0,0.0,0.0,0.0,0.0,"Condé Nast (Vogue, GQ...)",Premsa,Espanya,'Junts pel Sí'
2016,"SAPIENS, SCCL",F64074982,Sàpiens,0.0,900.0,158768.5,159668.5,0.0,82957.31,900.0,0.0,0.0,0.0,0.0,0.0,75811.19,Sàpiens,Premsa,Catalunya,'Junts pel Sí'
2016,"PARTAL, MARESMA & ASSOCIATS,S.L.",B61017810,VilaWeb,0.0,0.0,143525.28,143525.28,0.0,43436.63,0.0,0.0,0.0,0.0,0.0,1025.07,99063.58,VilaWeb,Internet,Catalunya,'Junts pel Sí'
2016,"EDICIONES EL PAIS, S.L.",B85635910,Grupo Prisa,0.0,0.0,138534.14,138534.14,0.0,22038.2,0.0,0.0,0.0,0.0,0.0,804.98,115690.96,El País,Premsa,Espanya,'Junts pel Sí'
2016,PROMOTORA MEDITERRANEA DE INFORMACI,A43056787,El Temps,0.0,0.0,113555.1,113555.1,0.0,37623.36,0.0,0.0,0.0,0.0,0.0,0.0,75931.74,El Temps,Premsa,Comunitat Valenciana,'Junts pel Sí'
2016,"EDICIONS INTERCOMARCALS,S.A.",A08539165,Regió 7,0.0,0.0,104007.48,104007.48,0.0,13052.89,0.0,0.0,0.0,0.0,0.0,0.0,90954.59,Regió 7,Premsa,Local/Comarcal,'Junts pel Sí'
2016,PREMSA D OSONA (EL 9 NOU),A08447369,El 9 Nou,0.0,0.0,98439.69,98439.69,0.0,10962.8,0.0,0.0,0.0,0.0,0.0,0.0,87476.89,El 9 Nou,Premsa,Local/Comarcal,'Junts pel Sí'
2016,"RADIO TELE TAXI, SA",A08911745,Radio Tele Taxi,0.0,0.0,97470.84,97470.84,0.0,31332.16,0.0,0.0,0.0,0.0,0.0,0.0,66138.68,Radio Tele Taxi,Ràdio,Local/Comarcal,'Junts pel Sí'
2016,80 MES 4 PUBLICACIONS SL,B65672495,Premsa comarcal (80 Mes 4 Publicacions),0.0,0.0,88985.43,88985.43,0.0,21629.51,0.0,0.0,0.0,0.0,0.0,0.0,67355.92,Premsa comarcal (80 Mes 4 Publicacions),Premsa,Local/Comarcal,'Junts pel Sí'
2016,"DIARI DE GIRONA, S.A.",A61135521,Prensa Ibérica,0.0,0.0,71659.39,71659.39,0.0,18890.04,0.0,0.0,0.0,0.0,0.0,0.0,52769.35,Diari de Girona,Premsa,Local/Comarcal,'Junts pel Sí'
2016,ASSOCIACIO DE MITJANS D INFORMACIO I COMUNICACIO,G61514162,AMIC (Associació de Mitjans),0.0,0.0,62957.65,62957.65,0.0,14214.62,0.0,0.0,0.0,0.0,0.0,0.0,48743.03,AMIC (Associació de Mitjans),Associació/Entitat,Catalunya,'Junts pel Sí'
2016,"RADIO POPULAR,S.A.",A28281368,Cadena COPE,0.0,0.0,62650.76,62650.76,0.0,56434.45,0.0,0.0,0.0,0.0,0.0,0.0,6216.31,Cadena COPE,Ràdio,Espanya,'Junts pel Sí'
2016,Informació i Comunicació de Barcelona SA SPM,A60783686,Barcelona TV (ICB),0.0,0.0,41395.24,41395.24,0.0,40372.29,0.0,0.0,0.0,0.0,0.0,0.0,1022.95,Barcelona TV (ICB),TV,Local/Comarcal,'Junts pel Sí'
2016,EDICIONS DIARI DE TERRASSA S.L.,B02851848,Diari de Terrassa,0.0,0.0,36033.1,36033.1,0.0,5276.48,0.0,0.0,0.0,0.0,0.0,0.0,30756.62,Diari de Terrassa,Premsa,Local/Comarcal,'Junts pel Sí'
2016,Time Out Spain Media SL,B66236373,Time Out,0.0,0.0,23749.64,23749.64,0.0,7060.8,0.0,0.0,0.0,0.0,0.0,0.0,16688.84,Time Out,Premsa,Espanya,'Junts pel Sí'
2016,Unidad Editorial Información Económica SL,B85076900,Unidad Editorial (informació econ.),0.0,0.0,22694.17,22694.17,0.0,10348.8,0.0,0.0,0.0,0.0,0.0,0.0,12345.37,Unidad Editorial (informació econ.),Premsa,Espanya,'Junts pel Sí'
2016,Multiprensa y Más SL,B82399327,Multiprensa (premsa esportiva),0.0,0.0,22490.68,22490.68,0.0,13783.1,0.0,0.0,0.0,0.0,0.0,448.76,8258.82,Multiprensa (premsa esportiva),Premsa,Espanya,'Junts pel Sí'
2016,Atresmedia Corporación de Medios de Comunicación SA,A86436195,Antena 3 (Atresmedia),0.0,0.0,8000.38,8000.38,0.0,4013.58,0.0,0.0,0.0,0.0,0.0,0.0,3986.8,Antena 3 (Atresmedia),TV,Espanya,'Junts pel Sí'
2016,AUDIOVISUAL ESPAÑOLA 2000 SA,A82031329,esRadio,0.0,0.0,7310.84,7310.84,0.0,0.0,0.0,0.0,0.0,0.0,0.0,0.0,7310.84,esRadio,Ràdio,Espanya,'Junts pel Sí'
2016,Unidad Editorial Información General SL,B86150332,El Mundo / Unidad Editorial,0.0,0.0,7199.84,7199.84,0.0,0.0,0.0,0.0,0.0,0.0,0.0,0.0,7199.84,El Mundo / Unidad Editorial,Premsa,Espanya,'Junts pel Sí'
2016,"Publicacions de l'Abadia de Montserrat, S.A.",A08176499,Publicacions de l'Abadia de Montserrat,0.0,0.0,7175.37,7175.37,0.0,540.0,0.0,0.0,0.0,0.0,0.0,0.0,6635.37,Publicacions de l'Abadia de Montserrat,Premsa,Catalunya,'Junts pel Sí'
2016,"RBA Revistas, SL",B64610389,RBA Holding,0.0,0.0,4881.66,4881.66,0.0,4881.66,0.0,0.0,0.0,0.0,0.0,0.0,0.0,RBA Revistas,Premsa,Espanya,'Junts pel Sí'
2016,"DIARIO ABC,SL",B82824194,ABC,0.0,0.0,4820.29,4820.29,0.0,0.0,0.0,0.0,0.0,0.0,0.0,0.0,4820.29,ABC,Premsa,Espanya,'Junts pel Sí'
2016,Catalunya Ràdio SRG,A08775487,CCMA (Mitjans públics catalans),0.0,0.0,4388.83,4388.83,0.0,1091.2,0.0,0.0,0.0,0.0,0.0,0.0,3297.63,Catalunya Ràdio,Ràdio,Catalunya,'Junts pel Sí'
2016,Marca Radio SL,B85088052,Radio Marca,0.0,0.0,2400.0,2400.0,0.0,2400.0,0.0,0.0,0.0,0.0,0.0,0.0,0.0,Radio Marca,Ràdio,Espanya,'Junts pel Sí'
2016,"GODO STRATEGIES, S.L.U.",B08936643,Grup Godó,0.0,1525.0,0.0,1525.0,0.0,0.0,1525.0,0.0,0.0,0.0,0.0,0.0,0.0,Godó Strategies (serveis Grup Godó),Altres,Catalunya,'Junts pel Sí'
2017,"HERMES COMUNICACIONS,S.A.",A17374547,Hermes Comunicacions (Punt Avui),0.0,0.0,3287673.67,3287673.67,0.0,3278028.73,0.0,0.0,0.0,0.0,0.0,4860.0,4784.94,El Punt Avui,Premsa,Catalunya,Junts pel Sí/155
2017,"CORPORACIO CATALANA DE MITJANS AUDIOVISUALS, S.A.",A08849622,CCMA (Mitjans públics catalans),0.0,206611.57,2588126.12,2794737.69,206611.57,2586626.12,0.0,0.0,0.0,0.0,0.0,0.0,1500.0,TV3 (CCMA),TV,Catalunya,Junts pel Sí/155
2017,"LA VANGUARDIA EDICIONES,S.L.",B61475257,Grup Godó,0.0,0.0,2125500.19,2125500.19,0.0,2103630.96,0.0,0.0,0.0,0.0,0.0,5400.0,16469.23,La Vanguardia,Premsa,Catalunya,Junts pel Sí/155
2017,"EL PERIODICO DE CATALUNYA, SLU",B66485343,Prensa Ibérica,0.0,0.0,1913261.68,1913261.68,0.0,1899016.8,0.0,0.0,0.0,0.0,0.0,4200.0,10044.88,El Periódico de Catalunya,Premsa,Catalunya,Junts pel Sí/155
2017,"EDICIO DE PREMSA PERIODICA ARA, SL",B65258261,Diari ARA,0.0,0.0,1664611.87,1664611.87,0.0,1656996.07,0.0,0.0,0.0,0.0,0.0,4485.0,3130.8,Ara,Premsa,Catalunya,Junts pel Sí/155
2017,"RADIOCAT XXI,S.L.",B61726626,Grup Godó,0.0,0.0,1306312.85,1306312.85,0.0,1306312.85,0.0,0.0,0.0,0.0,0.0,0.0,0.0,RAC1,Ràdio,Catalunya,Junts pel Sí/155
2017,"EMISSIONS DIGITALS DE CATALUNYA, SA",A63200828,8TV,0.0,0.0,757152.58,757152.58,0.0,757152.58,0.0,0.0,0.0,0.0,0.0,0.0,0.0,8TV,TV,Catalunya,Junts pel Sí/155
2017,"GRUP FLAIX, SL",B61801635,Flaix (Flaixbac / Flaix FM),0.0,0.0,590211.1,590211.1,0.0,590211.1,0.0,0.0,0.0,0.0,0.0,0.0,0.0,Flaix (Flaixbac / Flaix FM),Ràdio,Catalunya,Junts pel Sí/155
2017,GRUP LES NOTICIES DE CATALUNYA,B66541947,El Nacional,0.0,0.0,427472.68,427472.68,0.0,425965.18,0.0,0.0,0.0,0.0,0.0,1507.5,0.0,El Nacional,Internet,Catalunya,Junts pel Sí/155
2017,"SOCIEDAD ESPANOLA DE RADIODIFUSION, SL",B28016970,Grupo Prisa,0.0,0.0,415406.95,415406.95,0.0,415406.95,0.0,0.0,0.0,0.0,0.0,0.0,0.0,Cadena SER,Ràdio,Espanya,Junts pel Sí/155
2017,"20 MINUTOS EDITORA, SL",B99083966,20 Minutos,0.0,0.0,309460.15,309460.15,0.0,309460.15,0.0,0.0,0.0,0.0,0.0,0.0,0.0,20 Minutos,Premsa,Espanya,Junts pel Sí/155
2017,"EL MUNDO DEPORTIVO, SA",A59114082,Grup Godó,0.0,0.0,296330.19,296330.19,0.0,296330.19,0.0,0.0,0.0,0.0,0.0,0.0,0.0,Mundo Deportivo,Premsa,Espanya,Junts pel Sí/155
2017,"SERVEIS DE COMUNICACIO GLOBAL AQUITANIA,",B60955564,Nació Digital,0.0,0.0,279320.11,279320.11,0.0,275417.71,0.0,0.0,0.0,0.0,0.0,3002.4,900.0,Nació Digital,Internet,Catalunya,Junts pel Sí/155
2017,UNIPREX SA,A28782936,Onda Cero / Europa FM,0.0,0.0,264506.29,264506.29,0.0,264506.29,0.0,0.0,0.0,0.0,0.0,0.0,0.0,Onda Cero / Europa FM,Ràdio,Espanya,Junts pel Sí/155
2017,"EDICIONES DEP.CATALANAS,S.A.",A08605503,Prensa Ibérica,0.0,0.0,261193.74,261193.74,0.0,261193.74,0.0,0.0,0.0,0.0,0.0,0.0,0.0,Sport,Premsa,Catalunya,Junts pel Sí/155
2017,CATALUNYA RÀDIO,A08846974,CCMA (Mitjans públics catalans),0.0,0.0,226453.69,226453.69,0.0,226453.69,0.0,0.0,0.0,0.0,0.0,0.0,0.0,Catalunya Ràdio,Ràdio,Catalunya,Junts pel Sí/155
2017,"RBA Revistas, SL",B64610389,RBA Holding,0.0,0.0,207351.39,207351.39,0.0,207351.39,0.0,0.0,0.0,0.0,0.0,0.0,0.0,RBA Revistas,Premsa,Espanya,Junts pel Sí/155
2017,"DIARI SEGRE, S.L.U.",B25275926,Segre,0.0,0.0,181784.5,181784.5,0.0,181784.5,0.0,0.0,0.0,0.0,0.0,0.0,0.0,Segre,Premsa,Local/Comarcal,Junts pel Sí/155
2017,PROMOTORA MEDITERRANEA DE INFORMACI,A43056787,El Temps,0.0,0.0,171496.63,171496.63,0.0,167455.33,0.0,0.0,0.0,0.0,0.0,0.0,4041.3,El Temps,Premsa,Comunitat Valenciana,Junts pel Sí/155
2017,"EDICIONES EL PAIS, S.L.",B85635910,Grupo Prisa,0.0,0.0,167157.01,167157.01,0.0,167157.01,0.0,0.0,0.0,0.0,0.0,0.0,0.0,El País,Premsa,Espanya,Junts pel Sí/155
2017,ASSOCIACIO DE MITJANS D INFORMACIO I COMUNICACIO,G61514162,AMIC (Associació de Mitjans),0.0,0.0,143625.13,143625.13,0.0,138377.23,0.0,0.0,0.0,0.0,0.0,5247.9,0.0,AMIC (Associació de Mitjans),Associació/Entitat,Catalunya,Junts pel Sí/155
2017,"SAPIENS, SCCL",F64074982,Sàpiens,0.0,0.0,131946.01,131946.01,0.0,131946.01,0.0,0.0,0.0,0.0,0.0,0.0,0.0,Sàpiens,Premsa,Catalunya,Junts pel Sí/155
2017,"PARTAL, MARESMA & ASSOCIATS,S.L.",B61017810,VilaWeb,0.0,0.0,127931.69,127931.69,0.0,126041.69,0.0,0.0,0.0,0.0,0.0,1890.0,0.0,VilaWeb,Internet,Catalunya,Junts pel Sí/155
2017,"EDICIONS INTERCOMARCALS,S.A.",A08539165,Regió 7,0.0,0.0,117839.06,117839.06,0.0,117839.06,0.0,0.0,0.0,0.0,0.0,0.0,0.0,Regió 7,Premsa,Local/Comarcal,Junts pel Sí/155
2017,PREMSA D OSONA (EL 9 NOU),A08447369,El 9 Nou,0.0,0.0,111503.57,111503.57,0.0,111503.57,0.0,0.0,0.0,0.0,0.0,0.0,0.0,El 9 Nou,Premsa,Local/Comarcal,Junts pel Sí/155
2017,80 MES 4 PUBLICACIONS SL,B65672495,Premsa comarcal (80 Mes 4 Publicacions),0.0,0.0,104120.73,104120.73,0.0,104120.73,0.0,0.0,0.0,0.0,0.0,0.0,0.0,Premsa comarcal (80 Mes 4 Publicacions),Premsa,Local/Comarcal,Junts pel Sí/155
2017,"DIARI DE GIRONA, S.A.",A61135521,Prensa Ibérica,0.0,0.0,92520.4,92520.4,0.0,92305.9,0.0,0.0,0.0,0.0,0.0,0.0,214.5,Diari de Girona,Premsa,Local/Comarcal,Junts pel Sí/155
2017,"RADIO TELE TAXI, SA",A08911745,Radio Tele Taxi,0.0,0.0,78610.59,78610.59,0.0,78610.59,0.0,0.0,0.0,0.0,0.0,0.0,0.0,Radio Tele Taxi,Ràdio,Local/Comarcal,Junts pel Sí/155
2017,"RADIO POPULAR,S.A.",A28281368,Cadena COPE,0.0,0.0,75088.7,75088.7,0.0,75088.7,0.0,0.0,0.0,0.0,0.0,0.0,0.0,Cadena COPE,Ràdio,Espanya,Junts pel Sí/155
2017,Time Out Spain Media SL,B66236373,Time Out,0.0,0.0,51539.53,51539.53,0.0,51539.53,0.0,0.0,0.0,0.0,0.0,0.0,0.0,Time Out,Premsa,Espanya,Junts pel Sí/155
2017,Informació i Comunicació de Barcelona SA SPM,A60783686,Barcelona TV (ICB),0.0,0.0,48494.19,48494.19,0.0,48494.19,0.0,0.0,0.0,0.0,0.0,0.0,0.0,Barcelona TV (ICB),TV,Local/Comarcal,Junts pel Sí/155
2017,Multiprensa y Más SL,B82399327,Multiprensa (premsa esportiva),0.0,0.0,47519.48,47519.48,0.0,41043.08,0.0,0.0,0.0,0.0,0.0,4230.0,2246.4,Multiprensa (premsa esportiva),Premsa,Espanya,Junts pel Sí/155
2017,Atresmedia Corporación de Medios de Comunicación SA,A86436195,Antena 3 (Atresmedia),0.0,0.0,39022.4,39022.4,0.0,39022.4,0.0,0.0,0.0,0.0,0.0,0.0,0.0,Antena 3 (Atresmedia),TV,Espanya,Junts pel Sí/155
2017,EDICIONS DIARI DE TERRASSA S.L.,B02851848,Diari de Terrassa,0.0,0.0,32973.74,32973.74,0.0,32973.74,0.0,0.0,0.0,0.0,0.0,0.0,0.0,Diari de Terrassa,Premsa,Local/Comarcal,Junts pel Sí/155
2017,Ediciones Condé Nast SA,A28122076,"Condé Nast (Vogue, GQ...)",0.0,0.0,23380.0,23380.0,0.0,23380.0,0.0,0.0,0.0,0.0,0.0,0.0,0.0,"Condé Nast (Vogue, GQ...)",Premsa,Espanya,Junts pel Sí/155
2017,HEARST ESPAÑA SL,B81230764,Hearst España (revistes),0.0,0.0,13860.0,13860.0,0.0,13860.0,0.0,0.0,0.0,0.0,0.0,0.0,0.0,Hearst España (revistes),Premsa,Espanya,Junts pel Sí/155
2017,AUDIOVISUAL ESPAÑOLA 2000 SA,A82031329,esRadio,0.0,0.0,9392.03,9392.03,0.0,9392.03,0.0,0.0,0.0,0.0,0.0,0.0,0.0,esRadio,Ràdio,Espanya,Junts pel Sí/155
2017,"Publicacions de l'Abadia de Montserrat, S.A.",A08176499,Publicacions de l'Abadia de Montserrat,0.0,0.0,7741.44,7741.44,0.0,7741.44,0.0,0.0,0.0,0.0,0.0,0.0,0.0,Publicacions de l'Abadia de Montserrat,Premsa,Catalunya,Junts pel Sí/155
2017,Unidad Editorial Información General SL,B86150332,El Mundo / Unidad Editorial,0.0,0.0,7158.6,7158.6,0.0,7158.6,0.0,0.0,0.0,0.0,0.0,0.0,0.0,El Mundo / Unidad Editorial,Premsa,Espanya,Junts pel Sí/155
2017,Catalunya Ràdio SRG,A08775487,CCMA (Mitjans públics catalans),0.0,0.0,5226.44,5226.44,0.0,5226.44,0.0,0.0,0.0,0.0,0.0,0.0,0.0,Catalunya Ràdio,Ràdio,Catalunya,Junts pel Sí/155
2017,Unidad Editorial Información Económica SL,B85076900,Unidad Editorial (informació econ.),0.0,0.0,4810.7,4810.7,0.0,4810.7,0.0,0.0,0.0,0.0,0.0,0.0,0.0,Unidad Editorial (informació econ.),Premsa,Espanya,Junts pel Sí/155
2017,Marca Radio SL,B85088052,Radio Marca,0.0,0.0,3628.9,3628.9,0.0,3628.9,0.0,0.0,0.0,0.0,0.0,0.0,0.0,Radio Marca,Ràdio,Espanya,Junts pel Sí/155
2017,"DIARIO ABC,SL",B82824194,ABC,0.0,0.0,2337.89,2337.89,0.0,2337.89,0.0,0.0,0.0,0.0,0.0,0.0,0.0,ABC,Premsa,Espanya,Junts pel Sí/155
2017,Kiss Media SL,B83773610,Kiss Media,0.0,0.0,1749.61,1749.61,0.0,1749.61,0.0,0.0,0.0,0.0,0.0,0.0,0.0,Kiss Media,Premsa,Local/Comarcal,Junts pel Sí/155
2017,CULTURA 21 SCCL,F65947814,Cultura 21,0.0,0.0,500.0,500.0,0.0,500.0,0.0,0.0,0.0,0.0,0.0,0.0,0.0,Cultura 21,Associació/Entitat,Catalunya,Junts pel Sí/155
2018,"LA VANGUARDIA EDICIONES,S.L.",B61475257,Grup Godó,0.0,0.0,3018650.58,3018650.58,0.0,2992650.58,0.0,0.0,0.0,0.0,0.0,0.0,26000.0,La Vanguardia,Premsa,Catalunya,155/JxCat
2018,"CORPORACIO CATALANA DE MITJANS AUDIOVISUALS, S.A.",A08849622,CCMA (Mitjans públics catalans),0.0,175289.26,2478092.02,2653381.28,165289.26,2467009.91,0.0,0.0,0.0,0.0,0.0,0.0,21082.11,TV3 (CCMA),TV,Catalunya,155/JxCat
2018,"HERMES COMUNICACIONS,S.A.",A17374547,Hermes Comunicacions (Punt Avui),0.0,7805.29,1794426.47,1802231.76,0.0,1788692.24,5186.14,0.0,0.0,0.0,0.0,0.0,8353.38,El Punt Avui,Premsa,Catalunya,155/JxCat
2018,"RADIOCAT XXI,S.L.",B61726626,Grup Godó,0.0,0.0,1439633.1,1439633.1,0.0,1439633.1,0.0,0.0,0.0,0.0,0.0,0.0,0.0,RAC1,Ràdio,Catalunya,155/JxCat
2018,"EDICIO DE PREMSA PERIODICA ARA, SL",B65258261,Diari ARA,0.0,33905.9,1068232.15,1102138.05,0.0,1096513.45,810.0,0.0,0.0,0.0,0.0,0.0,4814.6,Ara,Premsa,Catalunya,155/JxCat
2018,"EL PERIODICO DE CATALUNYA, SLU",B66485343,Prensa Ibérica,0.0,0.0,1062540.37,1062540.37,0.0,1041757.87,0.0,0.0,0.0,0.0,0.0,0.0,20782.5,El Periódico de Catalunya,Premsa,Catalunya,155/JxCat
2018,"GRUP FLAIX, SL",B61801635,Flaix (Flaixbac / Flaix FM),0.0,0.0,858535.94,858535.94,0.0,858535.94,0.0,0.0,0.0,0.0,0.0,0.0,0.0,Flaix (Flaixbac / Flaix FM),Ràdio,Catalunya,155/JxCat
2018,"EMISSIONS DIGITALS DE CATALUNYA, SA",A63200828,8TV,0.0,0.0,599634.76,599634.76,0.0,599634.76,0.0,0.0,0.0,0.0,0.0,0.0,0.0,8TV,TV,Catalunya,155/JxCat
2018,"SOCIEDAD ESPANOLA DE RADIODIFUSION, SL",B28016970,Grupo Prisa,0.0,60225.69,535507.04,595732.73,0.0,535507.04,60225.69,0.0,0.0,0.0,0.0,0.0,0.0,Cadena SER,Ràdio,Espanya,155/JxCat
2018,GRUP LES NOTICIES DE CATALUNYA,B66541947,El Nacional,0.0,0.0,408667.57,408667.57,0.0,406917.57,0.0,0.0,0.0,0.0,0.0,0.0,1750.0,El Nacional,Internet,Catalunya,155/JxCat
2018,UNIPREX SA,A28782936,Onda Cero / Europa FM,0.0,110000.0,283283.06,393283.06,0.0,283283.06,110000.0,0.0,0.0,0.0,0.0,0.0,0.0,Onda Cero / Europa FM,Ràdio,Espanya,155/JxCat
2018,"20 MINUTOS EDITORA, SL",B99083966,20 Minutos,0.0,0.0,346586.06,346586.06,0.0,346586.06,0.0,0.0,0.0,0.0,0.0,0.0,0.0,20 Minutos,Premsa,Espanya,155/JxCat
2018,"SERVEIS DE COMUNICACIO GLOBAL AQUITANIA,",B60955564,Nació Digital,0.0,0.0,317460.91,317460.91,0.0,316810.91,0.0,0.0,0.0,0.0,0.0,0.0,650.0,Nació Digital,Internet,Catalunya,155/JxCat
2018,"SAPIENS, SCCL",F64074982,Sàpiens,0.0,3000.0,296286.35,299286.35,0.0,296286.35,3000.0,0.0,0.0,0.0,0.0,0.0,0.0,Sàpiens,Premsa,Catalunya,155/JxCat
2018,"DIARI SEGRE, S.L.U.",B25275926,Segre,0.0,0.0,267125.29,267125.29,0.0,267125.29,0.0,0.0,0.0,0.0,0.0,0.0,0.0,Segre,Premsa,Local/Comarcal,155/JxCat
2018,CATALUNYA RÀDIO,A08846974,CCMA (Mitjans públics catalans),0.0,0.0,261678.01,261678.01,0.0,261678.01,0.0,0.0,0.0,0.0,0.0,0.0,0.0,Catalunya Ràdio,Ràdio,Catalunya,155/JxCat
2018,80 MES 4 PUBLICACIONS SL,B65672495,Premsa comarcal (80 Mes 4 Publicacions),0.0,9917.36,251719.24,261636.6,0.0,261636.6,0.0,0.0,0.0,0.0,0.0,0.0,0.0,Premsa comarcal (80 Mes 4 Publicacions),Premsa,Local/Comarcal,155/JxCat
2018,Ediciones Condé Nast SA,A28122076,"Condé Nast (Vogue, GQ...)",0.0,0.0,205071.32,205071.32,0.0,205071.32,0.0,0.0,0.0,0.0,0.0,0.0,0.0,"Condé Nast (Vogue, GQ...)",Premsa,Espanya,155/JxCat
2018,"EL MUNDO DEPORTIVO, SA",A59114082,Grup Godó,0.0,0.0,182398.17,182398.17,0.0,175028.17,0.0,0.0,0.0,0.0,0.0,0.0,7370.0,Mundo Deportivo,Premsa,Espanya,155/JxCat
2018,"RBA Revistas, SL",B64610389,RBA Holding,0.0,0.0,180617.26,180617.26,0.0,180617.26,0.0,0.0,0.0,0.0,0.0,0.0,0.0,RBA Revistas,Premsa,Espanya,155/JxCat
2018,"RADIO TELE TAXI, SA",A08911745,Radio Tele Taxi,0.0,0.0,163225.7,163225.7,0.0,163225.7,0.0,0.0,0.0,0.0,0.0,0.0,0.0,Radio Tele Taxi,Ràdio,Local/Comarcal,155/JxCat
2018,"EDICIONES DEP.CATALANAS,S.A.",A08605503,Prensa Ibérica,0.0,0.0,138257.21,138257.21,0.0,133260.41,0.0,0.0,0.0,0.0,0.0,0.0,4996.8,Sport,Premsa,Catalunya,155/JxCat
2018,"EDICIONS INTERCOMARCALS,S.A.",A08539165,Regió 7,0.0,0.0,138017.29,138017.29,0.0,138017.29,0.0,0.0,0.0,0.0,0.0,0.0,0.0,Regió 7,Premsa,Local/Comarcal,155/JxCat
2018,PROMOTORA MEDITERRANEA DE INFORMACI,A43056787,El Temps,0.0,0.0,134089.4,134089.4,0.0,134089.4,0.0,0.0,0.0,0.0,0.0,0.0,0.0,El Temps,Premsa,Comunitat Valenciana,155/JxCat
2018,ASSOC.PUBLICACIONS PERIODIQUES EN CATALA DABAST NACIONAL DE BARCELONA,G58366675,APPEC (Associació editors premsa),0.0,132246.23,0.0,132246.23,0.0,0.0,0.0,0.0,0.0,0.0,0.0,0.0,132246.23,APPEC (Associació editors premsa),Associació/Entitat,Catalunya,155/JxCat
2018,ASSOCIACIO DE MITJANS D INFORMACIO I COMUNICACIO,G61514162,AMIC (Associació de Mitjans),0.0,0.0,122285.34,122285.34,0.0,120485.34,0.0,0.0,0.0,0.0,0.0,0.0,1800.0,AMIC (Associació de Mitjans),Associació/Entitat,Catalunya,155/JxCat
2018,PREMSA D OSONA (EL 9 NOU),A08447369,El 9 Nou,0.0,0.0,105817.35,105817.35,0.0,105817.35,0.0,0.0,0.0,0.0,0.0,0.0,0.0,El 9 Nou,Premsa,Local/Comarcal,155/JxCat
2018,"DIARI DE GIRONA, S.A.",A61135521,Prensa Ibérica,0.0,0.0,85142.14,85142.14,0.0,85142.14,0.0,0.0,0.0,0.0,0.0,0.0,0.0,Diari de Girona,Premsa,Local/Comarcal,155/JxCat
2018,"EDICIONES EL PAIS, S.L.",B85635910,Grupo Prisa,0.0,0.0,81223.6,81223.6,0.0,81223.6,0.0,0.0,0.0,0.0,0.0,0.0,0.0,El País,Premsa,Espanya,155/JxCat
2018,"RADIO POPULAR,S.A.",A28281368,Cadena COPE,0.0,0.0,68773.93,68773.93,0.0,68773.93,0.0,0.0,0.0,0.0,0.0,0.0,0.0,Cadena COPE,Ràdio,Espanya,155/JxCat
2018,"PARTAL, MARESMA & ASSOCIATS,S.L.",B61017810,VilaWeb,0.0,0.0,65419.91,65419.91,0.0,65174.91,0.0,0.0,0.0,0.0,0.0,0.0,245.0,VilaWeb,Internet,Catalunya,155/JxCat
2018,"EUROPA PRESS CATALUNYA,S.A.",A08536922,Europa Press,0.0,53719.44,0.0,53719.44,0.0,0.0,0.0,0.0,0.0,0.0,0.0,0.0,53719.44,Europa Press Catalunya,Agència de notícies,Catalunya,155/JxCat
2018,"Agència EFE, S.A.U.  S.M.E.",A28028744,Agència EFE,0.0,53719.44,0.0,53719.44,0.0,0.0,0.0,0.0,0.0,0.0,0.0,0.0,53719.44,Agència EFE,Agència de notícies,Espanya,155/JxCat
2018,Informació i Comunicació de Barcelona SA SPM,A60783686,Barcelona TV (ICB),0.0,0.0,48842.8,48842.8,0.0,48842.8,0.0,0.0,0.0,0.0,0.0,0.0,0.0,Barcelona TV (ICB),TV,Local/Comarcal,155/JxCat
2018,"EL VALLENC, S.L.",B43121144,El Vallenc,0.0,40278.75,0.0,40278.75,0.0,39950.0,328.75,0.0,0.0,0.0,0.0,0.0,0.0,El Vallenc,Premsa,Local/Comarcal,155/JxCat
2018,EDICIONS DIARI DE TERRASSA S.L.,B02851848,Diari de Terrassa,0.0,0.0,30943.13,30943.13,0.0,30365.13,0.0,0.0,0.0,0.0,0.0,0.0,578.0,Diari de Terrassa,Premsa,Local/Comarcal,155/JxCat
2018,"GODO STRATEGIES, S.L.U.",B08936643,Grup Godó,0.0,30000.0,0.0,30000.0,0.0,30000.0,0.0,0.0,0.0,0.0,0.0,0.0,0.0,Godó Strategies (serveis Grup Godó),Altres,Catalunya,155/JxCat
2018,Multiprensa y Más SL,B82399327,Multiprensa (premsa esportiva),0.0,0.0,28274.44,28274.44,0.0,28274.44,0.0,0.0,0.0,0.0,0.0,0.0,0.0,Multiprensa (premsa esportiva),Premsa,Espanya,155/JxCat
2018,Catalunya Ràdio SRG,A08775487,CCMA (Mitjans públics catalans),0.0,0.0,27483.83,27483.83,0.0,27483.83,0.0,0.0,0.0,0.0,0.0,0.0,0.0,Catalunya Ràdio,Ràdio,Catalunya,155/JxCat
2018,"EL MUNDO DEPORTIVO, SA",A08025009,Grup Godó,0.0,0.0,21820.0,21820.0,0.0,21820.0,0.0,0.0,0.0,0.0,0.0,0.0,0.0,Mundo Deportivo,Premsa,Espanya,155/JxCat
2018,Unidad Editorial Información Económica SL,B85076900,Unidad Editorial (informació econ.),0.0,0.0,21432.8,21432.8,0.0,21432.8,0.0,0.0,0.0,0.0,0.0,0.0,0.0,Unidad Editorial (informació econ.),Premsa,Espanya,155/JxCat
2018,Atresmedia Corporación de Medios de Comunicación SA,A86436195,Antena 3 (Atresmedia),0.0,0.0,20158.95,20158.95,0.0,20158.95,0.0,0.0,0.0,0.0,0.0,0.0,0.0,Antena 3 (Atresmedia),TV,Espanya,155/JxCat
2018,"MEDIASET ESPAÑA COMUNICACIÓN, S.A.",A79075438,Telecinco / Cuatro (Mediaset),0.0,0.0,13530.0,13530.0,0.0,13530.0,0.0,0.0,0.0,0.0,0.0,0.0,0.0,Telecinco / Cuatro (Mediaset),TV,Espanya,155/JxCat
2018,L?INSTITUT DE RECURSOS I INVESTIGACIO PE,B58583568,L?Institut De Recursos I Investigacio Pe,11022.0,783.75,0.0,11805.75,0.0,0.0,783.75,0.0,0.0,0.0,0.0,0.0,11022.0,L?Institut De Recursos I Investigacio Pe,Associació/Entitat,Local/Comarcal,155/JxCat
2018,CULTURA 21 SCCL,F65947814,Cultura 21,0.0,0.0,10809.74,10809.74,0.0,10809.74,0.0,0.0,0.0,0.0,0.0,0.0,0.0,Cultura 21,Associació/Entitat,Catalunya,155/JxCat
2018,"Publicacions de l'Abadia de Montserrat, S.A.",A08176499,Publicacions de l'Abadia de Montserrat,0.0,0.0,9901.44,9901.44,0.0,9901.44,0.0,0.0,0.0,0.0,0.0,0.0,0.0,Publicacions de l'Abadia de Montserrat,Premsa,Catalunya,155/JxCat
2018,TITANIA COMPAÑIA EDITORIAL SL,B82938572,Titania Compañia Editorial,0.0,0.0,9402.0,9402.0,0.0,9402.0,0.0,0.0,0.0,0.0,0.0,0.0,0.0,Titania Compañia Editorial,Premsa,Local/Comarcal,155/JxCat
2018,HEARST ESPAÑA SL,B81230764,Hearst España (revistes),0.0,0.0,7900.75,7900.75,0.0,7900.75,0.0,0.0,0.0,0.0,0.0,0.0,0.0,Hearst España (revistes),Premsa,Espanya,155/JxCat
2018,Marca Radio SL,B85088052,Radio Marca,0.0,0.0,7051.83,7051.83,0.0,7051.83,0.0,0.0,0.0,0.0,0.0,0.0,0.0,Radio Marca,Ràdio,Espanya,155/JxCat
2018,"ALTERNATIVAS ECONOMICAS, SCCL",F65942765,Alternativas Economicas,0.0,0.0,3800.0,3800.0,0.0,3800.0,0.0,0.0,0.0,0.0,0.0,0.0,0.0,Alternativas Economicas,Premsa,Local/Comarcal,155/JxCat
2018,"BALAGUER AUDIOVISUALS, S.L.",B25629734,Balaguer Audiovisuals,0.0,1100.0,0.0,1100.0,0.0,0.0,1100.0,0.0,0.0,0.0,0.0,0.0,0.0,Balaguer Audiovisuals,TV,Local/Comarcal,155/JxCat
2018,Kiss Media SL,B83773610,Kiss Media,0.0,0.0,418.0,418.0,0.0,418.0,0.0,0.0,0.0,0.0,0.0,0.0,0.0,Kiss Media,Premsa,Local/Comarcal,155/JxCat
2018,"TAMEDIAXA, SA",A43926682,Tamediaxa,0.0,275.0,0.0,275.0,0.0,0.0,275.0,0.0,0.0,0.0,0.0,0.0,0.0,Tamediaxa,Premsa,Local/Comarcal,155/JxCat
2019,"CORPORACIO CATALANA DE MITJANS AUDIOVISUALS, S.A.",A08849622,CCMA (Mitjans públics catalans),199219.02,410200.0,3142456.11,3751875.13,0.0,2921478.12,0.0,100000.0,0.0,0.0,0.0,0.0,730397.01,TV3 (CCMA),TV,Catalunya,JxCat
2019,"LA VANGUARDIA EDICIONES,S.L.",B61475257,Grup Godó,0.0,0.0,3283236.68,3283236.68,0.0,3212896.88,0.0,0.0,0.0,0.0,0.0,0.0,70339.8,La Vanguardia,Premsa,Catalunya,JxCat
2019,"RADIOCAT XXI,S.L.",B61726626,Grup Godó,0.0,30000.0,2066511.0,2096511.0,0.0,2043893.55,0.0,30000.0,0.0,0.0,0.0,0.0,22617.45,RAC1,Ràdio,Catalunya,JxCat
2019,"EL PERIODICO DE CATALUNYA, SLU",B66485343,Prensa Ibérica,0.0,0.0,1494064.31,1494064.31,0.0,1464291.03,0.0,0.0,0.0,0.0,0.0,0.0,29773.28,El Periódico de Catalunya,Premsa,Catalunya,JxCat
2019,"EDICIO DE PREMSA PERIODICA ARA, SL",B65258261,Diari ARA,85306.98,0.0,1216484.89,1301791.87,0.0,1174187.15,0.0,0.0,0.0,0.0,0.0,0.0,127604.72,Ara,Premsa,Catalunya,JxCat
2019,"GODO STRATEGIES, S.L.U.",B08936643,Grup Godó,0.0,995804.0,0.0,995804.0,0.0,995804.0,0.0,0.0,0.0,0.0,0.0,0.0,0.0,Godó Strategies (serveis Grup Godó),Altres,Catalunya,JxCat
2019,"HERMES COMUNICACIONS,S.A.",A17374547,Hermes Comunicacions (Punt Avui),0.0,16013.28,918194.39,934207.67,0.0,905755.27,310.8,0.0,0.0,0.0,0.0,0.0,28141.6,El Punt Avui,Premsa,Catalunya,JxCat
2019,"GRUP FLAIX, SL",B61801635,Flaix (Flaixbac / Flaix FM),0.0,0.0,816538.18,816538.18,0.0,792436.87,0.0,0.0,0.0,0.0,0.0,0.0,24101.31,Flaix (Flaixbac / Flaix FM),Ràdio,Catalunya,JxCat
2019,"SAPIENS, SCCL",F64074982,Sàpiens,0.0,31500.0,557528.28,589028.28,0.0,545528.28,31500.0,0.0,0.0,0.0,0.0,0.0,12000.0,Sàpiens,Premsa,Catalunya,JxCat
2019,"SOCIEDAD ESPANOLA DE RADIODIFUSION, SL",B28016970,Grupo Prisa,0.0,68500.0,508431.02,576931.02,0.0,495910.59,68500.0,0.0,0.0,0.0,0.0,0.0,12520.43,Cadena SER,Ràdio,Espanya,JxCat
2019,"SERVEIS DE COMUNICACIO GLOBAL AQUITANIA,",B60955564,Nació Digital,0.0,66000.0,497136.83,563136.83,0.0,482616.19,66000.0,0.0,0.0,0.0,0.0,0.0,14520.64,Nació Digital,Internet,Catalunya,JxCat
2019,GRUP LES NOTICIES DE CATALUNYA,B66541947,El Nacional,0.0,0.0,555755.18,555755.18,0.0,536230.02,0.0,0.0,0.0,0.0,0.0,0.0,19525.16,El Nacional,Internet,Catalunya,JxCat
2019,CATALUNYA RÀDIO,A08846974,CCMA (Mitjans públics catalans),0.0,0.0,521516.7,521516.7,0.0,513380.46,0.0,0.0,0.0,0.0,0.0,0.0,8136.24,Catalunya Ràdio,Ràdio,Catalunya,JxCat
2019,80 MES 4 PUBLICACIONS SL,B65672495,Premsa comarcal (80 Mes 4 Publicacions),0.0,0.0,446519.37,446519.37,0.0,437519.37,0.0,0.0,0.0,0.0,0.0,0.0,9000.0,Premsa comarcal (80 Mes 4 Publicacions),Premsa,Local/Comarcal,JxCat
2019,"DIARI SEGRE, S.L.U.",B25275926,Segre,0.0,132231.41,241403.75,373635.16,0.0,233469.66,132231.41,0.0,0.0,0.0,0.0,0.0,7934.09,Segre,Premsa,Local/Comarcal,JxCat
2019,"20 MINUTOS EDITORA, SL",B99083966,20 Minutos,0.0,0.0,373354.44,373354.44,0.0,367834.35,0.0,0.0,0.0,0.0,0.0,0.0,5520.09,20 Minutos,Premsa,Espanya,JxCat
2019,UNIPREX SA,A28782936,Onda Cero / Europa FM,0.0,0.0,311021.53,311021.53,0.0,305759.77,0.0,0.0,0.0,0.0,0.0,0.0,5261.76,Onda Cero / Europa FM,Ràdio,Espanya,JxCat
2019,"RBA Revistas, SL",B64610389,RBA Holding,0.0,0.0,263442.85,263442.85,0.0,263442.85,0.0,0.0,0.0,0.0,0.0,0.0,0.0,RBA Revistas,Premsa,Espanya,JxCat
2019,"EL MUNDO DEPORTIVO, SA",A59114082,Grup Godó,0.0,0.0,220909.66,220909.66,0.0,214916.5,0.0,0.0,0.0,0.0,0.0,0.0,5993.16,Mundo Deportivo,Premsa,Espanya,JxCat
2019,"EDICIONES DEP.CATALANAS,S.A.",A08605503,Prensa Ibérica,0.0,0.0,198510.07,198510.07,0.0,184455.43,0.0,0.0,0.0,0.0,0.0,0.0,14054.64,Sport,Premsa,Catalunya,JxCat
2019,PROMOTORA MEDITERRANEA DE INFORMACI,A43056787,El Temps,0.0,9917.36,176105.56,186022.92,0.0,170414.53,9917.36,0.0,0.0,0.0,0.0,0.0,5691.03,El Temps,Premsa,Comunitat Valenciana,JxCat
2019,ASSOC.PUBLICACIONS PERIODIQUES EN CATALA DABAST NACIONAL DE BARCELONA,G58366675,APPEC (Associació editors premsa),0.0,182642.03,0.0,182642.03,0.0,0.0,0.0,0.0,9576.17,0.0,0.0,0.0,173065.86,APPEC (Associació editors premsa),Associació/Entitat,Catalunya,JxCat
2019,PREMSA D OSONA (EL 9 NOU),A08447369,El 9 Nou,0.0,66000.0,109547.14,175547.14,0.0,106597.0,66000.0,0.0,0.0,0.0,0.0,0.0,2950.14,El 9 Nou,Premsa,Local/Comarcal,JxCat
2019,"RADIO TELE TAXI, SA",A08911745,Radio Tele Taxi,0.0,0.0,165992.67,165992.67,0.0,165992.67,0.0,0.0,0.0,0.0,0.0,0.0,0.0,Radio Tele Taxi,Ràdio,Local/Comarcal,JxCat
2019,"EDICIONS INTERCOMARCALS,S.A.",A08539165,Regió 7,0.0,0.0,149219.18,149219.18,0.0,140972.77,0.0,0.0,0.0,0.0,0.0,0.0,8246.41,Regió 7,Premsa,Local/Comarcal,JxCat
2019,"DIARI DE GIRONA, S.A.",A61135521,Prensa Ibérica,0.0,0.0,135194.39,135194.39,0.0,132671.45,0.0,0.0,0.0,0.0,0.0,0.0,2522.94,Diari de Girona,Premsa,Local/Comarcal,JxCat
2019,ASSOCIACIO DE MITJANS D INFORMACIO I COMUNICACIO,G61514162,AMIC (Associació de Mitjans),0.0,0.0,125368.53,125368.53,0.0,124918.71,0.0,0.0,0.0,0.0,0.0,0.0,449.82,AMIC (Associació de Mitjans),Associació/Entitat,Catalunya,JxCat
2019,"PARTAL, MARESMA & ASSOCIATS,S.L.",B61017810,VilaWeb,0.0,0.0,93340.02,93340.02,0.0,92773.02,0.0,0.0,0.0,0.0,0.0,0.0,567.0,VilaWeb,Internet,Catalunya,JxCat
2019,"EDICIONES EL PAIS, S.L.",B85635910,Grupo Prisa,0.0,0.0,84287.75,84287.75,0.0,84287.75,0.0,0.0,0.0,0.0,0.0,0.0,0.0,El País,Premsa,Espanya,JxCat
2019,"RADIO POPULAR,S.A.",A28281368,Cadena COPE,0.0,0.0,83040.58,83040.58,0.0,83040.58,0.0,0.0,0.0,0.0,0.0,0.0,0.0,Cadena COPE,Ràdio,Espanya,JxCat
2019,"Diario de Prensa Digital, S.L.",B86509254,Premsa digital (Diario de Prensa Digital),0.0,0.0,72890.4,72890.4,0.0,71840.4,0.0,0.0,0.0,0.0,0.0,0.0,1050.0,Premsa digital (Diario de Prensa Digital),Internet,Espanya,JxCat
2019,"Agència EFE, S.A.U.  S.M.E.",A28028744,Agència EFE,0.0,61773.6,0.0,61773.6,0.0,12000.0,22689.6,0.0,0.0,0.0,0.0,0.0,27084.0,Agència EFE,Agència de notícies,Espanya,JxCat
2019,"MEDIASET ESPAÑA COMUNICACIÓN, S.A.",A79075438,Telecinco / Cuatro (Mediaset),0.0,0.0,60861.48,60861.48,0.0,54988.5,0.0,0.0,0.0,0.0,0.0,0.0,5872.98,Telecinco / Cuatro (Mediaset),TV,Espanya,JxCat
2019,L?INSTITUT DE RECURSOS I INVESTIGACIO PE,B58583568,L?Institut De Recursos I Investigacio Pe,0.0,60269.0,0.0,60269.0,0.0,60000.0,269.0,0.0,0.0,0.0,0.0,0.0,0.0,L?Institut De Recursos I Investigacio Pe,Associació/Entitat,Local/Comarcal,JxCat
2019,Atresmedia Corporación de Medios de Comunicación SA,A86436195,Antena 3 (Atresmedia),0.0,0.0,56113.62,56113.62,0.0,50240.62,0.0,0.0,0.0,0.0,0.0,0.0,5873.0,Antena 3 (Atresmedia),TV,Espanya,JxCat
2019,"EUROPA PRESS CATALUNYA,S.A.",A08536922,Europa Press,0.0,47794.04,0.0,47794.04,0.0,0.0,20716.34,0.0,0.0,0.0,0.0,0.0,27077.7,Europa Press Catalunya,Agència de notícies,Catalunya,JxCat
2019,Promotora de Informaciones SA (PRISA),A28297059,Grupo Prisa,0.0,0.0,47186.21,47186.21,0.0,47186.21,0.0,0.0,0.0,0.0,0.0,0.0,0.0,Grupo PRISA,Premsa,Espanya,JxCat
2019,EDICIONS DIARI DE TERRASSA S.L.,B02851848,Diari de Terrassa,0.0,0.0,42199.99,42199.99,0.0,39569.31,0.0,0.0,0.0,0.0,0.0,0.0,2630.68,Diari de Terrassa,Premsa,Local/Comarcal,JxCat
2019,Informació i Comunicació de Barcelona SA SPM,A60783686,Barcelona TV (ICB),0.0,0.0,36203.67,36203.67,0.0,34929.27,0.0,0.0,0.0,0.0,0.0,0.0,1274.4,Barcelona TV (ICB),TV,Local/Comarcal,JxCat
2019,HEARST ESPAÑA SL,B81230764,Hearst España (revistes),0.0,0.0,32550.0,32550.0,0.0,32550.0,0.0,0.0,0.0,0.0,0.0,0.0,0.0,Hearst España (revistes),Premsa,Espanya,JxCat
2019,CRONICA GLOBAL MEDIA SL,B66566415,Prensa Ibérica,0.0,0.0,28894.5,28894.5,0.0,28894.5,0.0,0.0,0.0,0.0,0.0,0.0,0.0,Crónica Global,Internet,Catalunya,JxCat
2019,FUNDACIO FRANCESC EIXIMENIS,G46648655,Fundació Francesc Eiximenis,26000.0,0.0,0.0,26000.0,0.0,0.0,0.0,10000.0,3000.0,13000.0,0.0,0.0,0.0,Fundació Francesc Eiximenis,Associació/Entitat,Catalunya,JxCat
2019,"Associació de Publicacions periòdiques en català, APPEC",G58335158,APPEC (Associació editors premsa),0.0,0.0,24145.35,24145.35,0.0,24145.35,0.0,0.0,0.0,0.0,0.0,0.0,0.0,APPEC (Associació editors premsa),Associació/Entitat,Catalunya,JxCat
2019,Associacio de l'observatori de les dones en els mitjans de comunicacio,G65059743,Associacio De L'Observatori De Les Dones En Els Mitjans De Comunicacio,20700.0,0.0,0.0,20700.0,0.0,0.0,0.0,15000.0,0.0,0.0,0.0,0.0,5700.0,Associacio De L'Observatori De Les Dones En Els Mitjans De Comunicacio,Associació/Entitat,Local/Comarcal,JxCat
2019,CULTURA 21 SCCL,F65947814,Cultura 21,0.0,0.0,19276.46,19276.46,0.0,19276.46,0.0,0.0,0.0,0.0,0.0,0.0,0.0,Cultura 21,Associació/Entitat,Catalunya,JxCat
2019,"RADIO I TELEVISIO DE CATALUNYA NOVA, S.L.",B43040187,Radio I Televisio De Catalunya Nova,1400.0,16720.0,0.0,18120.0,0.0,0.0,16720.0,0.0,0.0,0.0,1400.0,0.0,0.0,Radio I Televisio De Catalunya Nova,Ràdio,Local/Comarcal,JxCat
2019,"GRUP ENDERROCK EDICIONS, S.L.",B64863335,Enderrock,17858.65,0.0,0.0,17858.65,0.0,0.0,0.0,0.0,13808.65,0.0,4050.0,0.0,0.0,Enderrock,Premsa,Catalunya,JxCat
2019,Unidad Editorial Información Económica SL,B85076900,Unidad Editorial (informació econ.),0.0,0.0,15534.23,15534.23,0.0,9203.23,0.0,0.0,0.0,0.0,0.0,0.0,6331.0,Unidad Editorial (informació econ.),Premsa,Espanya,JxCat
2019,AS. PROM. DONES CINEASTES I DE MITJ,G67007005,As. Prom. Dones Cineastes I De Mitj,12350.0,0.0,0.0,12350.0,0.0,0.0,0.0,0.0,0.0,0.0,0.0,0.0,12350.0,As. Prom. Dones Cineastes I De Mitj,Premsa,Local/Comarcal,JxCat
2019,La Mañana Diari de Ponent SA,A25004474,La Mañana (Lleida),0.0,0.0,10874.33,10874.33,0.0,10874.33,0.0,0.0,0.0,0.0,0.0,0.0,0.0,La Mañana (Lleida),Premsa,Local/Comarcal,JxCat
2019,ASSOCIACIO CULTURAL REVISTA ALELLA,G59119594,Associacio Cultural Revista Alella,10000.0,0.0,0.0,10000.0,0.0,0.0,10000.0,0.0,0.0,0.0,0.0,0.0,0.0,Associacio Cultural Revista Alella,Associació/Entitat,Local/Comarcal,JxCat
2019,Kiss Media SL,B83773610,Kiss Media,0.0,0.0,9202.56,9202.56,0.0,9202.56,0.0,0.0,0.0,0.0,0.0,0.0,0.0,Kiss Media,Premsa,Local/Comarcal,JxCat
2019,EDITORIAL ECOPRENSA SA,A84289230,Editorial Ecoprensa,0.0,0.0,8927.49,8927.49,0.0,8927.49,0.0,0.0,0.0,0.0,0.0,0.0,0.0,Editorial Ecoprensa,Premsa,Local/Comarcal,JxCat
2019,FUNDACIO PRIVADA VINCLE,G64913817,Fundacio Privada Vincle,7250.0,0.0,0.0,7250.0,0.0,0.0,0.0,7250.0,0.0,0.0,0.0,0.0,0.0,Fundacio Privada Vincle,Associació/Entitat,Local/Comarcal,JxCat
2019,"EDICIONS SALORIA,S.L.",B25503566,Edicions Saloria,7040.37,0.0,0.0,7040.37,0.0,0.0,0.0,0.0,3040.37,4000.0,0.0,0.0,0.0,Edicions Saloria,Premsa,Local/Comarcal,JxCat
2019,"Publicacions de l'Abadia de Montserrat, S.A.",A08176499,Publicacions de l'Abadia de Montserrat,0.0,0.0,6733.82,6733.82,0.0,6733.82,0.0,0.0,0.0,0.0,0.0,0.0,0.0,Publicacions de l'Abadia de Montserrat,Premsa,Catalunya,JxCat
2019,Catalunya Ràdio SRG,A08775487,CCMA (Mitjans públics catalans),0.0,0.0,5143.45,5143.45,0.0,5143.45,0.0,0.0,0.0,0.0,0.0,0.0,0.0,Catalunya Ràdio,Ràdio,Catalunya,JxCat
2019,ASSOC.CATALANA PREMSA COMARCAL,G58010315,Associació Catalana de Premsa Comarcal,4500.0,0.0,0.0,4500.0,0.0,0.0,0.0,0.0,4500.0,0.0,0.0,0.0,0.0,Associació Catalana de Premsa Comarcal,Associació/Entitat,Catalunya,JxCat
2019,ASSOC.FORA DE QUADRE ASSOCIACIO FORA DE QUADRE,G63071518,Assoc.Fora De Quadre Associacio Fora De Quadre,4341.8,0.0,0.0,4341.8,0.0,0.0,0.0,0.0,0.0,0.0,0.0,0.0,4341.8,Assoc.Fora De Quadre Associacio Fora De Quadre,Associació/Entitat,Local/Comarcal,JxCat
2019,"ALTERNATIVAS ECONOMICAS, SCCL",F65942765,Alternativas Economicas,0.0,0.0,4000.0,4000.0,0.0,4000.0,0.0,0.0,0.0,0.0,0.0,0.0,0.0,Alternativas Economicas,Premsa,Local/Comarcal,JxCat
2019,Ediciones Condé Nast SA,A28122076,"Condé Nast (Vogue, GQ...)",0.0,0.0,3300.0,3300.0,0.0,3300.0,0.0,0.0,0.0,0.0,0.0,0.0,0.0,"Condé Nast (Vogue, GQ...)",Premsa,Espanya,JxCat
2019,ASSOCIACIO PER LA COMUNICACIO I LA COOPERACIO,G43606870,Associacio Per La Comunicacio I La Cooperacio,3000.0,0.0,0.0,3000.0,0.0,0.0,1500.0,0.0,0.0,0.0,1500.0,0.0,0.0,Associacio Per La Comunicacio I La Cooperacio,Associació/Entitat,Local/Comarcal,JxCat
2019,TITANIA COMPAÑIA EDITORIAL SL,B82938572,Titania Compañia Editorial,0.0,0.0,2034.0,2034.0,0.0,0.0,0.0,0.0,0.0,0.0,0.0,0.0,2034.0,Titania Compañia Editorial,Premsa,Local/Comarcal,JxCat
2019,INFORMACIO DE COMARQUES SL,B25754078,Informacio De Comarques,1451.25,0.0,0.0,1451.25,0.0,0.0,0.0,0.0,0.0,1451.25,0.0,0.0,0.0,Informacio De Comarques,Premsa,Local/Comarcal,JxCat
2019,ASSOC. CULTURAL GARRIGUENCA DE COMUNICACIONS,G25452335,Assoc. Cultural Garriguenca De Comunicacions,1431.9,0.0,0.0,1431.9,0.0,0.0,0.0,0.0,0.0,1431.9,0.0,0.0,0.0,Assoc. Cultural Garriguenca De Comunicacions,Associació/Entitat,Local/Comarcal,JxCat
2019,"INFOM KIT LPS, S.L.",B65946162,Infom Kit Lps,0.0,1080.0,0.0,1080.0,0.0,1080.0,0.0,0.0,0.0,0.0,0.0,0.0,0.0,Infom Kit Lps,Premsa,Local/Comarcal,JxCat
2019,"EDITORIAL L'EMPORDA,S.L.U.",B17091711,El Empordà,1000.0,0.0,0.0,1000.0,0.0,0.0,0.0,0.0,1000.0,0.0,0.0,0.0,0.0,El Empordà,Premsa,Local/Comarcal,JxCat
2019,ASSOCIACIO FORUM 10,G67059063,Associacio Forum 10,1000.0,0.0,0.0,1000.0,0.0,0.0,1000.0,0.0,0.0,0.0,0.0,0.0,0.0,Associacio Forum 10,Associació/Entitat,Local/Comarcal,JxCat
2019,Marca Radio SL,B85088052,Radio Marca,0.0,0.0,960.0,960.0,0.0,960.0,0.0,0.0,0.0,0.0,0.0,0.0,0.0,Radio Marca,Ràdio,Espanya,JxCat
2019,"TAMEDIAXA, SA",A43926682,Tamediaxa,0.0,768.8,0.0,768.8,0.0,0.0,768.8,0.0,0.0,0.0,0.0,0.0,0.0,Tamediaxa,Premsa,Local/Comarcal,JxCat
2019,"EL VALLENC, S.L.",B43121144,El Vallenc,331.79,0.0,0.0,331.79,0.0,0.0,0.0,0.0,0.0,0.0,331.79,0.0,0.0,El Vallenc,Premsa,Local/Comarcal,JxCat
2020,"LA VANGUARDIA EDICIONES,S.L.",B61475257,Grup Godó,0.0,0.0,4023139.61,4023139.61,0.0,3763945.92,0.0,0.0,0.0,0.0,0.0,0.0,259193.69,La Vanguardia,Premsa,Catalunya,JxCat/funcions
2020,"CORPORACIO CATALANA DE MITJANS AUDIOVISUALS, S.A.",A08849622,CCMA (Mitjans públics catalans),50000.0,218009.54,3634642.16,3902651.7,150000.0,3293869.56,13660.8,50000.0,0.0,0.0,14466.1,0.0,380655.24,TV3 (CCMA),TV,Catalunya,JxCat/funcions
2020,"EL PERIODICO DE CATALUNYA, SLU",B66485343,Prensa Ibérica,0.0,33057.85,2161008.79,2194066.64,0.0,2028548.34,0.0,0.0,0.0,0.0,0.0,0.0,165518.3,El Periódico de Catalunya,Premsa,Catalunya,JxCat/funcions
2020,"RADIOCAT XXI,S.L.",B61726626,Grup Godó,4750.0,0.0,2135955.86,2140705.86,0.0,2031223.43,0.0,0.0,0.0,0.0,0.0,0.0,109482.43,RAC1,Ràdio,Catalunya,JxCat/funcions
2020,"EDICIO DE PREMSA PERIODICA ARA, SL",B65258261,Diari ARA,300000.0,12266.2,1715476.88,2027743.08,0.0,1663442.85,0.0,0.0,0.0,0.0,4000.0,0.0,360300.23,Ara,Premsa,Catalunya,JxCat/funcions
2020,"SAPIENS, SCCL",F64074982,Sàpiens,640719.08,0.0,666701.46,1307420.54,6500.0,625717.7,0.0,0.0,0.0,0.0,0.0,0.0,675202.84,Sàpiens,Premsa,Catalunya,JxCat/funcions
2020,"GRUP FLAIX, SL",B61801635,Flaix (Flaixbac / Flaix FM),0.0,0.0,1063645.22,1063645.22,0.0,1004502.41,0.0,0.0,0.0,0.0,0.0,0.0,59142.81,Flaix (Flaixbac / Flaix FM),Ràdio,Catalunya,JxCat/funcions
2020,"HERMES COMUNICACIONS,S.A.",A17374547,Hermes Comunicacions (Punt Avui),0.0,141101.06,910936.52,1052037.58,0.0,829564.49,28588.56,0.0,112512.5,0.0,0.0,0.0,81372.03,El Punt Avui,Premsa,Catalunya,JxCat/funcions
2020,"SOCIEDAD ESPANOLA DE RADIODIFUSION, SL",B28016970,Grupo Prisa,0.0,0.0,724513.42,724513.42,0.0,655198.33,0.0,0.0,0.0,0.0,0.0,0.0,69315.09,Cadena SER,Ràdio,Espanya,JxCat/funcions
2020,80 MES 4 PUBLICACIONS SL,B65672495,Premsa comarcal (80 Mes 4 Publicacions),0.0,326060.0,344735.05,670795.05,0.0,662541.66,0.0,0.0,0.0,0.0,0.0,0.0,8253.39,Premsa comarcal (80 Mes 4 Publicacions),Premsa,Local/Comarcal,JxCat/funcions
2020,"SERVEIS DE COMUNICACIO GLOBAL AQUITANIA,",B60955564,Nació Digital,0.0,24794.03,607760.83,632554.86,0.0,574482.03,16528.93,0.0,0.0,0.0,0.0,0.0,41543.9,Nació Digital,Internet,Catalunya,JxCat/funcions
2020,CATALUNYA RÀDIO,A08846974,CCMA (Mitjans públics catalans),0.0,0.0,599572.13,599572.13,0.0,552136.64,0.0,0.0,0.0,0.0,0.0,0.0,47435.49,Catalunya Ràdio,Ràdio,Catalunya,JxCat/funcions
2020,GRUP LES NOTICIES DE CATALUNYA,B66541947,El Nacional,0.0,0.0,590474.66,590474.66,0.0,558157.16,0.0,0.0,0.0,0.0,0.0,0.0,32317.5,El Nacional,Internet,Catalunya,JxCat/funcions
2020,UNIPREX SA,A28782936,Onda Cero / Europa FM,0.0,21000.0,478790.48,499790.48,0.0,442549.67,21000.0,0.0,0.0,0.0,0.0,0.0,36240.81,Onda Cero / Europa FM,Ràdio,Espanya,JxCat/funcions
2020,ASSOC.PUBLICACIONS PERIODIQUES EN CATALA DABAST NACIONAL DE BARCELONA,G58366675,APPEC (Associació editors premsa),306000.0,181527.48,0.0,487527.48,4000.0,0.0,0.0,0.0,12000.0,0.0,0.0,0.0,471527.48,APPEC (Associació editors premsa),Associació/Entitat,Catalunya,JxCat/funcions
2020,"20 MINUTOS EDITORA, SL",B99083966,20 Minutos,0.0,0.0,469107.77,469107.77,0.0,444988.25,0.0,0.0,0.0,0.0,0.0,0.0,24119.52,20 Minutos,Premsa,Espanya,JxCat/funcions
2020,"DIARI SEGRE, S.L.U.",B25275926,Segre,0.0,66115.7,305987.79,372103.49,0.0,285687.39,66115.7,0.0,0.0,0.0,0.0,0.0,20300.4,Segre,Premsa,Local/Comarcal,JxCat/funcions
2020,"DIARI DE GIRONA, S.A.",A61135521,Prensa Ibérica,20000.0,130818.0,188677.43,339495.43,0.0,174132.23,0.0,0.0,150818.0,0.0,0.0,0.0,14545.2,Diari de Girona,Premsa,Local/Comarcal,JxCat/funcions
2020,PROMOTORA MEDITERRANEA DE INFORMACI,A43056787,El Temps,0.0,45900.0,264999.14,310899.14,0.0,271893.59,0.0,0.0,0.0,0.0,14900.0,0.0,24105.55,El Temps,Premsa,Comunitat Valenciana,JxCat/funcions
2020,"EDICIONES DEP.CATALANAS,S.A.",A08605503,Prensa Ibérica,0.0,0.0,278463.97,278463.97,0.0,249081.02,0.0,0.0,0.0,0.0,0.0,0.0,29382.95,Sport,Premsa,Catalunya,JxCat/funcions
2020,ASSOCIACIO DE MITJANS D INFORMACIO I COMUNICACIO,G61514162,AMIC (Associació de Mitjans),2448.0,16416.37,251574.79,270439.16,0.0,252545.36,0.0,0.0,0.0,0.0,3304.8,0.0,14589.0,AMIC (Associació de Mitjans),Associació/Entitat,Catalunya,JxCat/funcions
2020,"MEDIASET ESPAÑA COMUNICACIÓN, S.A.",A79075438,Telecinco / Cuatro (Mediaset),0.0,0.0,265787.15,265787.15,0.0,262187.15,0.0,0.0,0.0,0.0,0.0,0.0,3600.0,Telecinco / Cuatro (Mediaset),TV,Espanya,JxCat/funcions
2020,"RADIO TELE TAXI, SA",A08911745,Radio Tele Taxi,0.0,0.0,201298.57,201298.57,0.0,187829.87,0.0,0.0,0.0,0.0,0.0,0.0,13468.7,Radio Tele Taxi,Ràdio,Local/Comarcal,JxCat/funcions
2020,"EL MUNDO DEPORTIVO, SA",A59114082,Grup Godó,16300.0,0.0,171567.0,187867.0,12500.0,155865.0,0.0,0.0,0.0,0.0,0.0,0.0,19502.0,Mundo Deportivo,Premsa,Espanya,JxCat/funcions
2020,"RADIO POPULAR,S.A.",A28281368,Cadena COPE,0.0,0.0,172190.01,172190.01,0.0,152126.77,0.0,0.0,0.0,0.0,0.0,0.0,20063.24,Cadena COPE,Ràdio,Espanya,JxCat/funcions
2020,Atresmedia Corporación de Medios de Comunicación SA,A86436195,Antena 3 (Atresmedia),0.0,0.0,159799.24,159799.24,0.0,156174.04,0.0,0.0,0.0,0.0,0.0,0.0,3625.2,Antena 3 (Atresmedia),TV,Espanya,JxCat/funcions
2020,PREMSA D OSONA (EL 9 NOU),A08447369,El 9 Nou,300.0,1330.0,153425.37,155055.37,0.0,142214.65,300.0,0.0,0.0,0.0,0.0,0.0,12540.72,El 9 Nou,Premsa,Local/Comarcal,JxCat/funcions
2020,"EDICIONS INTERCOMARCALS,S.A.",A08539165,Regió 7,0.0,0.0,149598.34,149598.34,0.0,134594.94,0.0,0.0,0.0,0.0,0.0,0.0,15003.4,Regió 7,Premsa,Local/Comarcal,JxCat/funcions
2020,"EDICIONES EL PAIS, S.L.",B85635910,Grupo Prisa,0.0,0.0,142296.85,142296.85,0.0,128074.6,0.0,0.0,0.0,0.0,0.0,0.0,14222.25,El País,Premsa,Espanya,JxCat/funcions
2020,"PARTAL, MARESMA & ASSOCIATS,S.L.",B61017810,VilaWeb,0.0,8264.46,129010.93,137275.39,0.0,130955.39,0.0,0.0,0.0,0.0,0.0,0.0,6320.0,VilaWeb,Internet,Catalunya,JxCat/funcions
2020,"Diario de Prensa Digital, S.L.",B86509254,Premsa digital (Diario de Prensa Digital),0.0,0.0,125116.7,125116.7,0.0,118577.1,0.0,0.0,0.0,0.0,0.0,0.0,6539.6,Premsa digital (Diario de Prensa Digital),Internet,Espanya,JxCat/funcions
2020,AS. PROM. DONES CINEASTES I DE MITJ,G67007005,As. Prom. Dones Cineastes I De Mitj,98685.0,0.0,0.0,98685.0,44125.0,0.0,0.0,0.0,0.0,0.0,0.0,0.0,54560.0,As. Prom. Dones Cineastes I De Mitj,Premsa,Local/Comarcal,JxCat/funcions
2020,Promotora de Informaciones SA (PRISA),A28297059,Grupo Prisa,0.0,0.0,96971.42,96971.42,0.0,91420.73,0.0,0.0,0.0,0.0,0.0,0.0,5550.69,Grupo PRISA,Premsa,Espanya,JxCat/funcions
2020,NOVAPRESS EDICIONS SL,B67186866,Premsa/digital local (Novapress),68900.0,23580.0,0.0,92480.0,0.0,0.0,23580.0,0.0,0.0,0.0,0.0,0.0,68900.0,Premsa/digital local (Novapress),Internet,Local/Comarcal,JxCat/funcions
2020,Totmedia Comunicació SL,B58364936,Totmedia Comunicació (Grup Hermes),80000.0,0.0,0.0,80000.0,0.0,0.0,0.0,0.0,0.0,0.0,0.0,0.0,80000.0,Totmedia Comunicació (Grup Hermes),Premsa,Catalunya,JxCat/funcions
2020,CRONICA GLOBAL MEDIA SL,B66566415,Prensa Ibérica,0.0,0.0,66778.02,66778.02,0.0,61528.02,0.0,0.0,0.0,0.0,0.0,0.0,5250.0,Crónica Global,Internet,Catalunya,JxCat/funcions
2020,AIMC,G78982733,AIMC,52485.0,0.0,0.0,52485.0,0.0,0.0,0.0,0.0,0.0,0.0,0.0,0.0,52485.0,AIMC,Associació/Entitat,Espanya,JxCat/funcions
2020,ASS.EMPRES.CAT.PUBLIC.GR.PUBL.,G08508301,Ass.Empres.Cat.Public.Gr.Publ.,48000.0,0.0,0.0,48000.0,0.0,0.0,0.0,0.0,0.0,0.0,0.0,0.0,48000.0,Ass.Empres.Cat.Public.Gr.Publ.,Associació/Entitat,Local/Comarcal,JxCat/funcions
2020,EDICIONS DIARI DE TERRASSA S.L.,B02851848,Diari de Terrassa,0.0,0.0,44376.29,44376.29,0.0,39324.95,0.0,0.0,0.0,0.0,0.0,0.0,5051.34,Diari de Terrassa,Premsa,Local/Comarcal,JxCat/funcions
2020,Informació i Comunicació de Barcelona SA SPM,A60783686,Barcelona TV (ICB),0.0,0.0,41676.81,41676.81,0.0,38156.01,0.0,0.0,0.0,0.0,0.0,0.0,3520.8,Barcelona TV (ICB),TV,Local/Comarcal,JxCat/funcions
2020,COL.LEGI PROF.AUDIOVISUAL DE CAT.,G63324727,Col.Legi Prof.Audiovisual De Cat.,10000.0,30161.41,0.0,40161.41,30161.41,0.0,0.0,0.0,0.0,0.0,0.0,0.0,10000.0,Col.Legi Prof.Audiovisual De Cat.,Associació/Entitat,Local/Comarcal,JxCat/funcions
2020,"EL VALLENC, S.L.",B43121144,El Vallenc,0.0,39500.0,0.0,39500.0,0.0,0.0,39500.0,0.0,0.0,0.0,0.0,0.0,0.0,El Vallenc,Premsa,Local/Comarcal,JxCat/funcions
2020,"GODO STRATEGIES, SLU||TOTMEDIA COMUNICACIO, SL||AS. DE MITJANS D'INFORMACIO I COMUNICACIÓ (AMIC)||EL PERIODICO DE CATALUNYA SLU",,"Godo Strategies, Slu||Totmedia Comunicacio, Sl||As. De Mitjans D'Informacio I Comunicació (Amic)||El Periodico De Catalunya",0.0,37241.0,0.0,37241.0,0.0,0.0,0.0,37241.0,0.0,0.0,0.0,0.0,0.0,"Godo Strategies, Slu||Totmedia Comunicacio, Sl||As. De Mitjans D'Informacio I Comunicació (Amic)||El Periodico De Catalunya",Premsa,Local/Comarcal,JxCat/funcions
2020,"GODO STRATEGIES, S.L.U.",B08936643,Grup Godó,3800.0,33000.0,0.0,36800.0,0.0,33000.0,0.0,0.0,0.0,0.0,0.0,0.0,3800.0,Godó Strategies (serveis Grup Godó),Altres,Catalunya,JxCat/funcions
2020,"Associació de Publicacions periòdiques en català, APPEC",G58335158,APPEC (Associació editors premsa),0.0,0.0,35641.03,35641.03,0.0,24103.03,0.0,0.0,0.0,0.0,0.0,0.0,11538.0,APPEC (Associació editors premsa),Associació/Entitat,Catalunya,JxCat/funcions
2020,La Mañana Diari de Ponent SA,A25004474,La Mañana (Lleida),0.0,0.0,34299.0,34299.0,0.0,29049.0,0.0,0.0,0.0,0.0,0.0,0.0,5250.0,La Mañana (Lleida),Premsa,Local/Comarcal,JxCat/funcions
2020,ASSOC.FORA DE QUADRE ASSOCIACIO FORA DE QUADRE,G63071518,Assoc.Fora De Quadre Associacio Fora De Quadre,33213.2,0.0,0.0,33213.2,3000.0,0.0,0.0,30213.2,0.0,0.0,0.0,0.0,0.0,Assoc.Fora De Quadre Associacio Fora De Quadre,Associació/Entitat,Local/Comarcal,JxCat/funcions
2020,"TAMEDIAXA, SA",A43926682,Tamediaxa,0.0,30330.58,0.0,30330.58,0.0,20000.0,0.0,0.0,0.0,0.0,10330.58,0.0,0.0,Tamediaxa,Premsa,Local/Comarcal,JxCat/funcions
2020,FUNDACIO PERIODISME PLURAL,G65978348,Fundació Periodisme Plural,27570.0,0.0,0.0,27570.0,27570.0,0.0,0.0,0.0,0.0,0.0,0.0,0.0,0.0,Fundació Periodisme Plural,Associació/Entitat,Catalunya,JxCat/funcions
2020,CULTURA 21 SCCL,F65947814,Cultura 21,0.0,0.0,25243.43,25243.43,0.0,24643.43,0.0,0.0,0.0,0.0,0.0,0.0,600.0,Cultura 21,Associació/Entitat,Catalunya,JxCat/funcions
2020,EDITORIAL ECOPRENSA SA,A84289230,Editorial Ecoprensa,0.0,0.0,24655.27,24655.27,0.0,23255.27,0.0,0.0,0.0,0.0,0.0,0.0,1400.0,Editorial Ecoprensa,Premsa,Local/Comarcal,JxCat/funcions
2020,FUNDACIO FRANCESC EIXIMENIS,G46648655,Fundació Francesc Eiximenis,23500.0,0.0,0.0,23500.0,0.0,0.0,0.0,7500.0,3000.0,13000.0,0.0,0.0,0.0,Fundació Francesc Eiximenis,Associació/Entitat,Catalunya,JxCat/funcions
2020,"GRUP ENDERROCK EDICIONS, S.L.",B64863335,Enderrock,19973.06,0.0,0.0,19973.06,5000.0,0.0,0.0,0.0,14973.06,0.0,0.0,0.0,0.0,Enderrock,Premsa,Catalunya,JxCat/funcions
2020,"EMISSIONS DIGITALS DE CATALUNYA, SA",A63200828,8TV,0.0,0.0,19449.04,19449.04,0.0,6706.84,0.0,0.0,0.0,0.0,0.0,0.0,12742.2,8TV,TV,Catalunya,JxCat/funcions
2020,GRUP DE PERIODISTES RAMON BARN,G62896196,Grup De Periodistes Ramon Barn,18000.0,0.0,0.0,18000.0,15000.0,0.0,0.0,0.0,0.0,3000.0,0.0,0.0,0.0,Grup De Periodistes Ramon Barn,Premsa,Local/Comarcal,JxCat/funcions
2020,Kiss Media SL,B83773610,Kiss Media,0.0,0.0,17166.39,17166.39,0.0,13948.67,0.0,0.0,0.0,0.0,0.0,0.0,3217.72,Kiss Media,Premsa,Local/Comarcal,JxCat/funcions
2020,TITANIA COMPAÑIA EDITORIAL SL,B82938572,Titania Compañia Editorial,0.0,8265.0,6900.0,15165.0,0.0,12765.0,0.0,0.0,0.0,0.0,0.0,0.0,2400.0,Titania Compañia Editorial,Premsa,Local/Comarcal,JxCat/funcions
2020,Associacio de l'observatori de les dones en els mitjans de comunicacio,G65059743,Associacio De L'Observatori De Les Dones En Els Mitjans De Comunicacio,15000.0,0.0,0.0,15000.0,0.0,0.0,0.0,15000.0,0.0,0.0,0.0,0.0,0.0,Associacio De L'Observatori De Les Dones En Els Mitjans De Comunicacio,Associació/Entitat,Local/Comarcal,JxCat/funcions
2020,"DIARIO ABC,SL",B82824194,ABC,0.0,0.0,13685.99,13685.99,0.0,10725.99,0.0,0.0,0.0,0.0,0.0,0.0,2960.0,ABC,Premsa,Espanya,JxCat/funcions
2020,Marca Radio SL,B85088052,Radio Marca,0.0,0.0,13144.1,13144.1,0.0,11638.55,0.0,0.0,0.0,0.0,0.0,0.0,1505.55,Radio Marca,Ràdio,Espanya,JxCat/funcions
2020,"XARXA AUDIOVISUAL LOCAL, S.L.",P0800149G,Xarxa Audiovisual Local,0.0,11983.47,0.0,11983.47,0.0,0.0,0.0,0.0,0.0,0.0,11983.47,0.0,0.0,Xarxa Audiovisual Local,TV,Local/Comarcal,JxCat/funcions
2020,Unidad Editorial Información Económica SL,B85076900,Unidad Editorial (informació econ.),0.0,0.0,11934.89,11934.89,0.0,11934.89,0.0,0.0,0.0,0.0,0.0,0.0,0.0,Unidad Editorial (informació econ.),Premsa,Espanya,JxCat/funcions
2020,ASSOCIACIO CULTURAL REVISTA ALELLA,G59119594,Associacio Cultural Revista Alella,11500.0,0.0,0.0,11500.0,0.0,0.0,11500.0,0.0,0.0,0.0,0.0,0.0,0.0,Associacio Cultural Revista Alella,Associació/Entitat,Local/Comarcal,JxCat/funcions
2020,Prensa Ibérica 360 SL,B57447849,Prensa Ibérica,0.0,11000.0,0.0,11000.0,0.0,0.0,0.0,0.0,0.0,0.0,11000.0,0.0,0.0,Prensa Ibérica (digital),Internet,Espanya,JxCat/funcions
2020,Comunicacions Premsa SA,A60804930,Comunicacions Premsa,0.0,0.0,10989.18,10989.18,0.0,5299.18,0.0,0.0,0.0,0.0,0.0,0.0,5690.0,Comunicacions Premsa,Premsa,Local/Comarcal,JxCat/funcions
2020,ASSO.VEINS PROP.MONT D'ORSA DE VALL,G08903346,Asso.Veins Prop.Mont D'Orsa De Vall,10300.0,0.0,0.0,10300.0,10300.0,0.0,0.0,0.0,0.0,0.0,0.0,0.0,0.0,Asso.Veins Prop.Mont D'Orsa De Vall,Premsa,Local/Comarcal,JxCat/funcions
2020,ASSOCIACIO WELCOME TALENT SOCIETY,G67100883,Associacio Welcome Talent Society,10000.0,0.0,0.0,10000.0,0.0,0.0,0.0,10000.0,0.0,0.0,0.0,0.0,0.0,Associacio Welcome Talent Society,Associació/Entitat,Local/Comarcal,JxCat/funcions
2020,Unidad Editorial Información General SL,B86150332,El Mundo / Unidad Editorial,0.0,0.0,9493.29,9493.29,0.0,9493.29,0.0,0.0,0.0,0.0,0.0,0.0,0.0,El Mundo / Unidad Editorial,Premsa,Espanya,JxCat/funcions
2020,CRITIC SCCL,F66334806,Crític,9000.0,0.0,0.0,9000.0,9000.0,0.0,0.0,0.0,0.0,0.0,0.0,0.0,0.0,Crític,Internet,Catalunya,JxCat/funcions
2020,"EUROPA PRESS CATALUNYA,S.A.",A08536922,Europa Press,0.0,8266.5,0.0,8266.5,0.0,8266.5,0.0,0.0,0.0,0.0,0.0,0.0,0.0,Europa Press Catalunya,Agència de notícies,Catalunya,JxCat/funcions
2020,"ALTERNATIVAS ECONOMICAS, SCCL",F65942765,Alternativas Economicas,0.0,0.0,7100.0,7100.0,0.0,7100.0,0.0,0.0,0.0,0.0,0.0,0.0,0.0,Alternativas Economicas,Premsa,Local/Comarcal,JxCat/funcions
2020,"Publicacions de l'Abadia de Montserrat, S.A.",A08176499,Publicacions de l'Abadia de Montserrat,0.0,0.0,6635.52,6635.52,0.0,6635.52,0.0,0.0,0.0,0.0,0.0,0.0,0.0,Publicacions de l'Abadia de Montserrat,Premsa,Catalunya,JxCat/funcions
2020,ASS.PROMOC.MITJANS COMUN.LOCAL DTE,G60493467,Ass.Promoc.Mitjans Comun.Local Dte,6500.0,0.0,0.0,6500.0,6500.0,0.0,0.0,0.0,0.0,0.0,0.0,0.0,0.0,Ass.Promoc.Mitjans Comun.Local Dte,Associació/Entitat,Local/Comarcal,JxCat/funcions
2020,ASSOC.CATALANA PREMSA COMARCAL,G58010315,Associació Catalana de Premsa Comarcal,0.0,6500.0,0.0,6500.0,0.0,0.0,0.0,0.0,0.0,0.0,6500.0,0.0,0.0,Associació Catalana de Premsa Comarcal,Associació/Entitat,Catalunya,JxCat/funcions
2020,Catalunya Ràdio SRG,A08775487,CCMA (Mitjans públics catalans),0.0,0.0,6146.24,6146.24,0.0,6146.24,0.0,0.0,0.0,0.0,0.0,0.0,0.0,Catalunya Ràdio,Ràdio,Catalunya,JxCat/funcions
2020,SINDICAT DE PERIODISTES DE CATALUNY,G60369931,Sindicat De Periodistes De Cataluny,6000.0,0.0,0.0,6000.0,6000.0,0.0,0.0,0.0,0.0,0.0,0.0,0.0,0.0,Sindicat De Periodistes De Cataluny,Associació/Entitat,Local/Comarcal,JxCat/funcions
2020,"EDICIONS DEL PAIS VALENCIA, S.A.",A46186821,Premsa Comunitat Valenciana (Edicions),6000.0,0.0,0.0,6000.0,0.0,0.0,0.0,0.0,0.0,0.0,6000.0,0.0,0.0,Premsa Comunitat Valenciana (Edicions),Premsa,Comunitat Valenciana,JxCat/funcions
2020,"XARXA AUDIOVISUAL LOCAL, SL",B65908337,Xarxa Audiovisual Local,0.0,5832.0,0.0,5832.0,0.0,5832.0,0.0,0.0,0.0,0.0,0.0,0.0,0.0,Xarxa Audiovisual Local,TV,Local/Comarcal,JxCat/funcions
2020,LABORATORI LIVE MEDIA,G64210768,Laboratori Live Media,4800.0,0.0,0.0,4800.0,4800.0,0.0,0.0,0.0,0.0,0.0,0.0,0.0,0.0,Laboratori Live Media,Premsa,Local/Comarcal,JxCat/funcions
2020,"TIRABOL PRODUCCIONS, S.L.",B64166705,Racó Català,3679.2,0.0,0.0,3679.2,0.0,0.0,0.0,0.0,0.0,0.0,0.0,0.0,3679.2,Racó Català,Internet,Catalunya,JxCat/funcions
2020,"EDICIONS SALORIA,S.L.",B25503566,Edicions Saloria,3487.69,0.0,0.0,3487.69,0.0,0.0,0.0,0.0,3487.69,0.0,0.0,0.0,0.0,Edicions Saloria,Premsa,Local/Comarcal,JxCat/funcions
2020,ASSOC. CATALANA DE MITJANS LOCALS,G64172505,Assoc. Catalana De Mitjans Locals,2500.0,0.0,0.0,2500.0,2500.0,0.0,0.0,0.0,0.0,0.0,0.0,0.0,0.0,Assoc. Catalana De Mitjans Locals,Associació/Entitat,Local/Comarcal,JxCat/funcions
2020,PROMICSA SA,A43030302,Diari de Tarragona (Grup),0.0,0.0,1655.0,1655.0,0.0,1655.0,0.0,0.0,0.0,0.0,0.0,0.0,0.0,Diari de Tarragona (Grup),Premsa,Local/Comarcal,JxCat/funcions
2020,ASS.CULTURAL L'INDEPENDENT DE GRACI,G66245986,Ass.Cultural L'Independent De Graci,1650.0,0.0,0.0,1650.0,1650.0,0.0,0.0,0.0,0.0,0.0,0.0,0.0,0.0,Ass.Cultural L'Independent De Graci,Associació/Entitat,Local/Comarcal,JxCat/funcions
2020,CA LA MANYANA SL,B60689270,Ca La Manyana,1500.0,0.0,0.0,1500.0,0.0,0.0,0.0,0.0,0.0,0.0,0.0,0.0,1500.0,Ca La Manyana,Premsa,Local/Comarcal,JxCat/funcions
2020,Ediciones Condé Nast SA,A28122076,"Condé Nast (Vogue, GQ...)",0.0,0.0,1500.0,1500.0,0.0,1500.0,0.0,0.0,0.0,0.0,0.0,0.0,0.0,"Condé Nast (Vogue, GQ...)",Premsa,Espanya,JxCat/funcions
2020,HEARST ESPAÑA SL,B81230764,Hearst España (revistes),0.0,0.0,1500.0,1500.0,0.0,1500.0,0.0,0.0,0.0,0.0,0.0,0.0,0.0,Hearst España (revistes),Premsa,Espanya,JxCat/funcions
2020,ASSOCIACIO PER LA COMUNICACIO I LA COOPERACIO,G43606870,Associacio Per La Comunicacio I La Cooperacio,1500.0,0.0,0.0,1500.0,0.0,0.0,1500.0,0.0,0.0,0.0,0.0,0.0,0.0,Associacio Per La Comunicacio I La Cooperacio,Associació/Entitat,Local/Comarcal,JxCat/funcions
2020,ASSOCIACIO BANC DEL TEMPS DE CERDAN ASSOCIACIO BANC DEL TEMPS DE CERDAN DEL VALLES,G67322370,Associacio Banc Del Temps De Cerdan Associacio Banc Del Temps De Cerdan Del Valles,803.6,0.0,0.0,803.6,0.0,0.0,803.6,0.0,0.0,0.0,0.0,0.0,0.0,Associacio Banc Del Temps De Cerdan Associacio Banc Del Temps De Cerdan Del Valles,Associació/Entitat,Local/Comarcal,JxCat/funcions
2020,"JORDI DE ARRIBA DE LA CALLE||SCG AQUITÀNIA, SL||NOVAPRESS, SL ||GEMMA CASCON RAMONEDA||Comunicacions Audiovisuals de Sabadell, SLU",,"Jordi De Arriba De La Calle||Scg Aquitània, Sl||Novapress, Sl ||Gemma Cascon Ramoneda||Comunicacions Audiovisuals De Sabadell",0.0,279.34,0.0,279.34,0.0,0.0,279.34,0.0,0.0,0.0,0.0,0.0,0.0,"Jordi De Arriba De La Calle||Scg Aquitània, Sl||Novapress, Sl ||Gemma Cascon Ramoneda||Comunicacions Audiovisuals De Sabadell",TV,Local/Comarcal,JxCat/funcions
2021,"CORPORACIO CATALANA DE MITJANS AUDIOVISUALS, S.A.",A08849622,CCMA (Mitjans públics catalans),63000.0,242570.99,3688418.94,3993989.93,55000.0,3596408.97,0.0,60000.0,0.0,0.0,8264.0,0.0,274316.96,TV3 (CCMA),TV,Catalunya,funcions/ERC
2021,"LA VANGUARDIA EDICIONES,S.L.",B61475257,Grup Godó,510625.3,700000.0,2527134.89,3737760.19,0.0,3150696.2,0.0,0.0,0.0,0.0,0.0,0.0,587063.99,La Vanguardia,Premsa,Catalunya,funcions/ERC
2021,"RADIOCAT XXI,S.L.",B61726626,Grup Godó,272311.26,0.0,2292596.62,2564907.88,0.0,2225648.12,0.0,0.0,0.0,0.0,0.0,0.0,339259.76,RAC1,Ràdio,Catalunya,funcions/ERC
2021,"EDICIO DE PREMSA PERIODICA ARA, SL",B65258261,Diari ARA,517509.4,2216.0,1963541.81,2483267.21,0.0,1913862.73,0.0,0.0,0.0,0.0,0.0,0.0,569404.48,Ara,Premsa,Catalunya,funcions/ERC
2021,"EL PERIODICO DE CATALUNYA, SLU",B66485343,Prensa Ibérica,324381.96,0.0,1813247.96,2137629.92,0.0,1729997.83,0.0,0.0,0.0,0.0,0.0,0.0,407632.09,El Periódico de Catalunya,Premsa,Catalunya,funcions/ERC
2021,"HERMES COMUNICACIONS,S.A.",A17374547,Hermes Comunicacions (Punt Avui),493025.04,14260.12,1209808.62,1717093.78,0.0,1185684.07,864.74,0.0,0.0,0.0,0.0,0.0,530544.97,El Punt Avui,Premsa,Catalunya,funcions/ERC
2021,"SAPIENS, SCCL",F64074982,Sàpiens,207789.85,113127.0,714439.34,1035356.19,31495.0,751807.2,10206.0,0.0,0.0,0.0,19400.0,0.0,222447.99,Sàpiens,Premsa,Catalunya,funcions/ERC
2021,"GRUP FLAIX, SL",B61801635,Flaix (Flaixbac / Flaix FM),30000.0,0.0,988998.29,1018998.29,0.0,971288.74,0.0,0.0,0.0,0.0,0.0,0.0,47709.55,Flaix (Flaixbac / Flaix FM),Ràdio,Catalunya,funcions/ERC
2021,"SERVEIS DE COMUNICACIO GLOBAL AQUITANIA,",B60955564,Nació Digital,320621.99,16528.93,455191.45,792342.37,0.0,428906.41,16528.93,0.0,0.0,0.0,0.0,0.0,346907.03,Nació Digital,Internet,Catalunya,funcions/ERC
2021,GRUP LES NOTICIES DE CATALUNYA,B66541947,El Nacional,122957.41,0.0,662242.27,785199.68,0.0,641459.78,0.0,0.0,0.0,0.0,0.0,0.0,143739.9,El Nacional,Internet,Catalunya,funcions/ERC
2021,"SOCIEDAD ESPANOLA DE RADIODIFUSION, SL",B28016970,Grupo Prisa,0.0,41500.0,716172.6,757672.6,0.0,687591.44,41500.0,0.0,0.0,0.0,0.0,0.0,28581.16,Cadena SER,Ràdio,Espanya,funcions/ERC
2021,CATALUNYA RÀDIO,A08846974,CCMA (Mitjans públics catalans),0.0,0.0,749619.64,749619.64,0.0,721227.08,0.0,0.0,0.0,0.0,0.0,0.0,28392.56,Catalunya Ràdio,Ràdio,Catalunya,funcions/ERC
2021,"DIARI SEGRE, S.L.U.",B25275926,Segre,225017.33,82644.63,292678.26,600340.22,0.0,283146.54,82644.63,0.0,0.0,0.0,0.0,0.0,234549.05,Segre,Premsa,Local/Comarcal,funcions/ERC
2021,ASSOCIACIO DE MITJANS D INFORMACIO I COMUNICACIO,G61514162,AMIC (Associació de Mitjans),271061.76,0.0,311580.28,582642.04,0.0,303343.03,0.0,0.0,12000.0,0.0,0.0,0.0,267299.01,AMIC (Associació de Mitjans),Associació/Entitat,Catalunya,funcions/ERC
2021,ASSOC.PUBLICACIONS PERIODIQUES EN CATALA DABAST NACIONAL DE BARCELONA,G58366675,APPEC (Associació editors premsa),370658.4,202993.27,0.0,573651.67,4000.0,0.0,0.0,18000.0,34240.64,0.0,0.0,0.0,517411.03,APPEC (Associació editors premsa),Associació/Entitat,Catalunya,funcions/ERC
2021,UNIPREX SA,A28782936,Onda Cero / Europa FM,0.0,0.0,523466.58,523466.58,0.0,515177.82,0.0,0.0,0.0,0.0,0.0,0.0,8288.76,Onda Cero / Europa FM,Ràdio,Espanya,funcions/ERC
2021,"EL PERIODICO DE CATALUNYA, S.L. - Zoo de Barcelona||EL PERIODICO DE CATALUNYA -  Parc Atraccions Tibidabo",,"El Periodico De Catalunya, S.L. - Zoo De Barcelona||El Periodico De Catalunya -  Parc Atraccions Tibidabo",0.0,505000.0,0.0,505000.0,0.0,505000.0,0.0,0.0,0.0,0.0,0.0,0.0,0.0,"El Periodico De Catalunya, S.L. - Zoo De Barcelona||El Periodico De Catalunya -  Parc Atraccions Tibidabo",Premsa,Local/Comarcal,funcions/ERC
2021,"DIARI DE GIRONA, S.A.",A61135521,Prensa Ibérica,233020.04,19898.46,240232.78,493151.28,0.0,253418.34,1400.0,0.0,20000.0,0.0,0.0,0.0,218332.94,Diari de Girona,Premsa,Local/Comarcal,funcions/ERC
2021,80 MES 4 PUBLICACIONS SL,B65672495,Premsa comarcal (80 Mes 4 Publicacions),70122.84,0.0,375450.35,445573.19,0.0,372360.9,0.0,0.0,0.0,0.0,0.0,0.0,73212.29,Premsa comarcal (80 Mes 4 Publicacions),Premsa,Local/Comarcal,funcions/ERC
2021,"20 MINUTOS EDITORA, SL",B99083966,20 Minutos,0.0,0.0,445015.03,445015.03,0.0,429239.13,0.0,0.0,0.0,0.0,0.0,0.0,15775.9,20 Minutos,Premsa,Espanya,funcions/ERC
2021,"EDICIONS INTERCOMARCALS,S.A.",A08539165,Regió 7,179083.89,0.0,164567.47,343651.36,0.0,158671.17,0.0,0.0,0.0,0.0,0.0,0.0,184980.19,Regió 7,Premsa,Local/Comarcal,funcions/ERC
2021,PREMSA D OSONA (EL 9 NOU),A08447369,El 9 Nou,166198.75,0.0,162790.48,328989.23,0.0,158507.24,0.0,0.0,0.0,0.0,0.0,0.0,170481.99,El 9 Nou,Premsa,Local/Comarcal,funcions/ERC
2021,PROMOTORA MEDITERRANEA DE INFORMACI,A43056787,El Temps,0.0,15349.04,307006.53,322355.57,0.0,300971.75,0.0,0.0,0.0,0.0,14950.0,0.0,6433.82,El Temps,Premsa,Comunitat Valenciana,funcions/ERC
2021,"EDICIONES DEP.CATALANAS,S.A.",A08605503,Prensa Ibérica,0.0,0.0,267776.45,267776.45,0.0,263220.45,0.0,0.0,0.0,0.0,0.0,0.0,4556.0,Sport,Premsa,Catalunya,funcions/ERC
2021,FUNDACIO FRANCESC EIXIMENIS,G46648655,Fundació Francesc Eiximenis,263954.23,0.0,0.0,263954.23,0.0,15000.0,0.0,45000.0,28000.0,28000.0,0.0,0.0,147954.23,Fundació Francesc Eiximenis,Associació/Entitat,Catalunya,funcions/ERC
2021,"PARTAL, MARESMA & ASSOCIATS,S.L.",B61017810,VilaWeb,93797.39,0.0,158087.34,251884.73,0.0,154197.34,0.0,0.0,0.0,0.0,0.0,0.0,97687.39,VilaWeb,Internet,Catalunya,funcions/ERC
2021,Atresmedia Corporación de Medios de Comunicación SA,A86436195,Antena 3 (Atresmedia),0.0,0.0,212063.83,212063.83,0.0,208813.83,0.0,0.0,0.0,0.0,0.0,0.0,3250.0,Antena 3 (Atresmedia),TV,Espanya,funcions/ERC
2021,"MEDIASET ESPAÑA COMUNICACIÓN, S.A.",A79075438,Telecinco / Cuatro (Mediaset),0.0,24000.0,183032.22,207032.22,0.0,203912.22,0.0,0.0,0.0,0.0,0.0,0.0,3120.0,Telecinco / Cuatro (Mediaset),TV,Espanya,funcions/ERC
2021,"EMISSIONS DIGITALS DE CATALUNYA, SA",A63200828,8TV,0.0,0.0,206552.41,206552.41,0.0,193549.21,0.0,0.0,0.0,0.0,0.0,0.0,13003.2,8TV,TV,Catalunya,funcions/ERC
2021,ASSOC.CATALANA PREMSA COMARCAL,G58010315,Associació Catalana de Premsa Comarcal,200000.0,0.0,0.0,200000.0,0.0,0.0,0.0,0.0,0.0,0.0,0.0,0.0,200000.0,Associació Catalana de Premsa Comarcal,Associació/Entitat,Catalunya,funcions/ERC
2021,"EDICIONES EL PAIS, S.L.",B85635910,Grupo Prisa,0.0,0.0,179436.26,179436.26,0.0,174436.26,0.0,0.0,0.0,0.0,0.0,0.0,5000.0,El País,Premsa,Espanya,funcions/ERC
2021,AS. PROM. DONES CINEASTES I DE MITJ,G67007005,As. Prom. Dones Cineastes I De Mitj,159885.79,0.0,0.0,159885.79,47225.0,0.0,0.0,10695.27,0.0,0.0,0.0,0.0,101965.52,As. Prom. Dones Cineastes I De Mitj,Premsa,Local/Comarcal,funcions/ERC
2021,"RADIO POPULAR,S.A.",A28281368,Cadena COPE,0.0,0.0,156970.13,156970.13,0.0,148729.34,0.0,0.0,0.0,0.0,0.0,0.0,8240.79,Cadena COPE,Ràdio,Espanya,funcions/ERC
2021,"EL MUNDO DEPORTIVO, SA",A59114082,Grup Godó,12000.0,0.0,142982.62,154982.62,12000.0,135282.62,0.0,0.0,0.0,0.0,0.0,0.0,7700.0,Mundo Deportivo,Premsa,Espanya,funcions/ERC
2021,Totmedia Comunicació SL,B58364936,Totmedia Comunicació (Grup Hermes),71671.63,79983.35,0.0,151654.98,0.0,26658.0,53325.35,0.0,0.0,0.0,0.0,0.0,71671.63,Totmedia Comunicació (Grup Hermes),Premsa,Catalunya,funcions/ERC
2021,"RADIO TELE TAXI, SA",A08911745,Radio Tele Taxi,0.0,0.0,149223.66,149223.66,0.0,144960.06,0.0,0.0,0.0,0.0,0.0,0.0,4263.6,Radio Tele Taxi,Ràdio,Local/Comarcal,funcions/ERC
2021,"Diario de Prensa Digital, S.L.",B86509254,Premsa digital (Diario de Prensa Digital),0.0,0.0,136378.07,136378.07,0.0,131928.07,0.0,0.0,0.0,0.0,0.0,0.0,4450.0,Premsa digital (Diario de Prensa Digital),Internet,Espanya,funcions/ERC
2021,"GRUP ENDERROCK EDICIONS, S.L.",B64863335,Enderrock,124606.63,4200.0,0.0,128806.63,3500.0,4200.0,30000.0,0.0,14000.0,0.0,0.0,0.0,77106.63,Enderrock,Premsa,Catalunya,funcions/ERC
2021,EDITORA SINGULAR DIGITAL 2GR SL,B64337462,El Singular Digital,122819.02,0.0,0.0,122819.02,0.0,0.0,0.0,0.0,0.0,0.0,0.0,0.0,122819.02,El Singular Digital,Internet,Catalunya,funcions/ERC
2021,"TAMEDIAXA, SA",A43926682,Tamediaxa,99185.12,14275.0,0.0,113460.12,0.0,0.0,4275.0,0.0,0.0,0.0,10000.0,0.0,99185.12,Tamediaxa,Premsa,Local/Comarcal,funcions/ERC
2021,EL TEMPS DE LA VINYA SL,B66627092,El Temps De La Vinya,111515.07,0.0,0.0,111515.07,0.0,0.0,0.0,0.0,0.0,0.0,0.0,0.0,111515.07,El Temps De La Vinya,Premsa,Local/Comarcal,funcions/ERC
2021,Promotora de Informaciones SA (PRISA),A28297059,Grupo Prisa,0.0,0.0,106945.88,106945.88,0.0,102265.88,0.0,0.0,0.0,0.0,0.0,0.0,4680.0,Grupo PRISA,Premsa,Espanya,funcions/ERC
2021,NOVAPRESS EDICIONS SL,B67186866,Premsa/digital local (Novapress),97897.21,0.0,0.0,97897.21,0.0,0.0,0.0,0.0,0.0,0.0,0.0,0.0,97897.21,Premsa/digital local (Novapress),Internet,Local/Comarcal,funcions/ERC
2021,"EDICIONS DEL PAIS VALENCIA, S.A.",A46186821,Premsa Comunitat Valenciana (Edicions),96381.26,0.0,0.0,96381.26,0.0,0.0,0.0,0.0,0.0,0.0,0.0,0.0,96381.26,Premsa Comunitat Valenciana (Edicions),Premsa,Comunitat Valenciana,funcions/ERC
2021,"XARXA AUDIOVISUAL LOCAL, SL",B65908337,Xarxa Audiovisual Local,0.0,87550.0,0.0,87550.0,0.0,87550.0,0.0,0.0,0.0,0.0,0.0,0.0,0.0,Xarxa Audiovisual Local,TV,Local/Comarcal,funcions/ERC
2021,CRONICA GLOBAL MEDIA SL,B66566415,Prensa Ibérica,0.0,0.0,83974.04,83974.04,0.0,83974.04,0.0,0.0,0.0,0.0,0.0,0.0,0.0,Crónica Global,Internet,Catalunya,funcions/ERC
2021,AIMC,G78982733,AIMC,78728.0,0.0,0.0,78728.0,0.0,0.0,0.0,0.0,0.0,0.0,0.0,0.0,78728.0,AIMC,Associació/Entitat,Espanya,funcions/ERC
2021,EDICIONS DIARI DE TERRASSA S.L.,B02851848,Diari de Terrassa,0.0,0.0,77181.95,77181.95,0.0,65815.61,0.0,0.0,0.0,0.0,0.0,0.0,11366.34,Diari de Terrassa,Premsa,Local/Comarcal,funcions/ERC
2021,La Mañana Diari de Ponent SA,A25004474,La Mañana (Lleida),0.0,0.0,63049.96,63049.96,0.0,62079.96,0.0,0.0,0.0,0.0,0.0,0.0,970.0,La Mañana (Lleida),Premsa,Local/Comarcal,funcions/ERC
2021,CRITIC SCCL,F66334806,Crític,36507.18,23550.0,0.0,60057.18,30298.0,0.0,600.0,0.0,0.0,0.0,0.0,0.0,29159.18,Crític,Internet,Catalunya,funcions/ERC
2021,"EL VALLENC, S.L.",B43121144,El Vallenc,57933.17,833.75,0.0,58766.92,0.0,0.0,833.75,0.0,0.0,0.0,0.0,0.0,57933.17,El Vallenc,Premsa,Local/Comarcal,funcions/ERC
2021,"EDICIONS PERIODIQUES ARA BALEARS, S",B57806762,Diari ARA,53366.45,0.0,0.0,53366.45,0.0,0.0,0.0,0.0,0.0,0.0,0.0,0.0,53366.45,"Edicions Periodiques Ara Balears, S",Premsa,Local/Comarcal,funcions/ERC
2021,FUNDACIO PERIODISME PLURAL,G65978348,Fundació Periodisme Plural,52067.56,0.0,0.0,52067.56,24520.0,0.0,0.0,0.0,0.0,0.0,0.0,0.0,27547.56,Fundació Periodisme Plural,Associació/Entitat,Catalunya,funcions/ERC
2021,"EDITORIAL L'EMPORDA,S.L.U.",B17091711,El Empordà,51454.73,0.0,0.0,51454.73,0.0,0.0,0.0,0.0,0.0,0.0,0.0,0.0,51454.73,El Empordà,Premsa,Local/Comarcal,funcions/ERC
2021,Col. Publicitaris i Rel. Publiques,Q0801011H,Col. Publicitaris I Rel. Publiques,50000.0,0.0,0.0,50000.0,0.0,0.0,0.0,0.0,0.0,0.0,0.0,0.0,50000.0,Col. Publicitaris I Rel. Publiques,Associació/Entitat,Local/Comarcal,funcions/ERC
2021,MON TERRASSA SL,B66810987,Mon Terrassa,48992.03,0.0,0.0,48992.03,0.0,0.0,0.0,0.0,0.0,0.0,0.0,0.0,48992.03,Mon Terrassa,Premsa,Local/Comarcal,funcions/ERC
2021,Informació i Comunicació de Barcelona SA SPM,A60783686,Barcelona TV (ICB),0.0,0.0,47377.05,47377.05,0.0,45125.25,0.0,0.0,0.0,0.0,0.0,0.0,2251.8,Barcelona TV (ICB),TV,Local/Comarcal,funcions/ERC
2021,"ALTERNATIVAS ECONOMICAS, SCCL",F65942765,Alternativas Economicas,0.0,0.0,46780.0,46780.0,0.0,44960.0,0.0,0.0,0.0,0.0,0.0,0.0,1820.0,Alternativas Economicas,Premsa,Local/Comarcal,funcions/ERC
2021,"RBA Revistas, SL",B64610389,RBA Holding,0.0,0.0,46193.6,46193.6,0.0,46193.6,0.0,0.0,0.0,0.0,0.0,0.0,0.0,RBA Revistas,Premsa,Espanya,funcions/ERC
2021,L?INSTITUT DE RECURSOS I INVESTIGACIO PE,B58583568,L?Institut De Recursos I Investigacio Pe,46193.54,0.0,0.0,46193.54,0.0,0.0,0.0,0.0,0.0,0.0,0.0,0.0,46193.54,L?Institut De Recursos I Investigacio Pe,Associació/Entitat,Local/Comarcal,funcions/ERC
2021,"CAPGROS COMUNICACIO, S.L.",B65078545,Capgròs (Empordà),44581.9,0.0,0.0,44581.9,0.0,0.0,130.88,0.0,0.0,0.0,0.0,0.0,44451.02,Capgròs (Empordà),Internet,Local/Comarcal,funcions/ERC
2021,GRUP DE PERIODISTES RAMON BARN,G62896196,Grup De Periodistes Ramon Barn,43557.5,0.0,0.0,43557.5,18000.0,0.0,0.0,0.0,0.0,0.0,0.0,0.0,25557.5,Grup De Periodistes Ramon Barn,Premsa,Local/Comarcal,funcions/ERC
2021,DIARI CONNEXIOBCN SL,B67271304,Diari Connexiobcn,42720.8,0.0,0.0,42720.8,2500.0,0.0,0.0,0.0,0.0,0.0,0.0,0.0,40220.8,Diari Connexiobcn,Premsa,Local/Comarcal,funcions/ERC
2021,"COMUNICACIO VINARIA, S.L.",B65331704,Comunicació Vinaròs,42385.18,0.0,0.0,42385.18,0.0,0.0,25000.0,0.0,0.0,0.0,0.0,0.0,17385.18,Comunicació Vinaròs,Premsa,Comunitat Valenciana,funcions/ERC
2021,"TIRABOL PRODUCCIONS, S.L.",B64166705,Racó Català,42044.74,0.0,0.0,42044.74,0.0,0.0,0.0,0.0,0.0,0.0,0.0,0.0,42044.74,Racó Català,Internet,Catalunya,funcions/ERC
2021,ASSOC.FORA DE QUADRE ASSOCIACIO FORA DE QUADRE,G63071518,Assoc.Fora De Quadre Associacio Fora De Quadre,37157.01,0.0,0.0,37157.01,9000.0,0.0,0.0,1905.69,0.0,0.0,0.0,0.0,26251.32,Assoc.Fora De Quadre Associacio Fora De Quadre,Associació/Entitat,Local/Comarcal,funcions/ERC
2021,"EUROPA PRESS CATALUNYA,S.A.",A08536922,Europa Press,25954.97,10978.96,0.0,36933.93,0.0,10978.96,0.0,0.0,0.0,0.0,0.0,0.0,25954.97,Europa Press Catalunya,Agència de notícies,Catalunya,funcions/ERC
2021,ASSOC. CULTURAL GARRIGUENCA DE COMUNICACIONS,G25452335,Assoc. Cultural Garriguenca De Comunicacions,36712.72,0.0,0.0,36712.72,0.0,0.0,0.0,0.0,0.0,6000.0,0.0,0.0,30712.72,Assoc. Cultural Garriguenca De Comunicacions,Associació/Entitat,Local/Comarcal,funcions/ERC
2021,"CAXIER EDICIONS, S.L.",B66411828,Caxier Edicions,35068.93,0.0,0.0,35068.93,6000.0,0.0,0.0,0.0,0.0,0.0,0.0,0.0,29068.93,Caxier Edicions,Premsa,Local/Comarcal,funcions/ERC
2021,Ediciones Condé Nast SA,A28122076,"Condé Nast (Vogue, GQ...)",0.0,0.0,34926.44,34926.44,0.0,34926.44,0.0,0.0,0.0,0.0,0.0,0.0,0.0,"Condé Nast (Vogue, GQ...)",Premsa,Espanya,funcions/ERC
2021,"GODO STRATEGIES, S.L.U.",B08936643,Grup Godó,0.0,34828.93,0.0,34828.93,0.0,34828.93,0.0,0.0,0.0,0.0,0.0,0.0,0.0,Godó Strategies (serveis Grup Godó),Altres,Catalunya,funcions/ERC
2021,"PUBLICACIONS ANOIA, S.L.",B08818189,Publicacions Anoia,34638.29,0.0,0.0,34638.29,0.0,0.0,0.0,0.0,0.0,0.0,0.0,0.0,34638.29,Publicacions Anoia,Premsa,Local/Comarcal,funcions/ERC
2021,"Associació de Publicacions periòdiques en català, APPEC",G58335158,APPEC (Associació editors premsa),0.0,0.0,33570.6,33570.6,0.0,33570.6,0.0,0.0,0.0,0.0,0.0,0.0,0.0,APPEC (Associació editors premsa),Associació/Entitat,Catalunya,funcions/ERC
2021,"Agència EFE, S.A.U.  S.M.E.",A28028744,Agència EFE,0.0,33410.32,0.0,33410.32,0.0,33410.32,0.0,0.0,0.0,0.0,0.0,0.0,0.0,Agència EFE,Agència de notícies,Espanya,funcions/ERC
2021,ASSOCIACIO ESPAI LINIA,G04980595,Associació Espai Línia,32000.0,0.0,0.0,32000.0,15000.0,0.0,0.0,0.0,0.0,0.0,0.0,0.0,17000.0,Associació Espai Línia,Associació/Entitat,Catalunya,funcions/ERC
2021,"INFOM KIT LPS, S.L.",B65946162,Infom Kit Lps,31960.63,0.0,0.0,31960.63,0.0,0.0,0.0,0.0,0.0,0.0,0.0,0.0,31960.63,Infom Kit Lps,Premsa,Local/Comarcal,funcions/ERC
2021,ASS.EMPRES.CAT.PUBLIC.GR.PUBL.,G08508301,Ass.Empres.Cat.Public.Gr.Publ.,31000.0,0.0,0.0,31000.0,0.0,0.0,0.0,0.0,0.0,0.0,0.0,0.0,31000.0,Ass.Empres.Cat.Public.Gr.Publ.,Associació/Entitat,Local/Comarcal,funcions/ERC
2021,"L'AVENC,S.L.",B08503583,L'Avenç,30150.75,0.0,0.0,30150.75,0.0,0.0,0.0,0.0,0.0,0.0,0.0,0.0,30150.75,L'Avenç,Premsa,Catalunya,funcions/ERC
2021,ASSOCIACIO CATOSFERA,G67190405,Associacio Catosfera,30125.77,0.0,0.0,30125.77,0.0,0.0,10000.0,0.0,0.0,0.0,0.0,0.0,20125.77,Associacio Catosfera,Associació/Entitat,Local/Comarcal,funcions/ERC
2021,"EDICIONS SALORIA,S.L.",B25503566,Edicions Saloria,27885.2,0.0,0.0,27885.2,0.0,0.0,0.0,0.0,3559.51,0.0,0.0,0.0,24325.69,Edicions Saloria,Premsa,Local/Comarcal,funcions/ERC
2021,ASSOCIACIO XARXA DIGITAL CATALANA,G63274534,Associacio Xarxa Digital Catalana,27579.73,0.0,0.0,27579.73,5960.02,0.0,0.0,0.0,0.0,0.0,0.0,0.0,21619.71,Associacio Xarxa Digital Catalana,Associació/Entitat,Local/Comarcal,funcions/ERC
2021,PUBLI DASER S.L.,B66258757,Publi Daser,27049.98,0.0,0.0,27049.98,0.0,0.0,2500.0,0.0,0.0,0.0,0.0,0.0,24549.98,Publi Daser,Premsa,Local/Comarcal,funcions/ERC
2021,Comunicacions Premsa SA,A60804930,Comunicacions Premsa,0.0,0.0,26455.5,26455.5,0.0,23080.5,0.0,0.0,0.0,0.0,0.0,0.0,3375.0,Comunicacions Premsa,Premsa,Local/Comarcal,funcions/ERC
2021,ASS.CULTURAL L'INDEPENDENT DE GRACI,G66245986,Ass.Cultural L'Independent De Graci,25277.0,0.0,0.0,25277.0,1950.0,0.0,0.0,0.0,0.0,0.0,0.0,0.0,23327.0,Ass.Cultural L'Independent De Graci,Associació/Entitat,Local/Comarcal,funcions/ERC
2021,Associacio de l'observatori de les dones en els mitjans de comunicacio,G65059743,Associacio De L'Observatori De Les Dones En Els Mitjans De Comunicacio,25270.0,0.0,0.0,25270.0,0.0,0.0,0.0,5000.0,0.0,0.0,0.0,0.0,20270.0,Associacio De L'Observatori De Les Dones En Els Mitjans De Comunicacio,Associació/Entitat,Local/Comarcal,funcions/ERC
2021,CATMEDIA GLOBAL SL,B55053482,Directe.cat,24086.58,0.0,0.0,24086.58,0.0,0.0,0.0,0.0,0.0,0.0,0.0,0.0,24086.58,Directe.cat,Internet,Catalunya,funcions/ERC
2021,ASSOC. CATALANA DE MITJANS LOCALS,G64172505,Assoc. Catalana De Mitjans Locals,24000.0,0.0,0.0,24000.0,5000.0,0.0,0.0,0.0,0.0,0.0,0.0,0.0,19000.0,Assoc. Catalana De Mitjans Locals,Associació/Entitat,Local/Comarcal,funcions/ERC
2021,"ANAR FENT, SL",B63369086,Anar Fent,23811.77,0.0,0.0,23811.77,0.0,0.0,0.0,0.0,0.0,0.0,0.0,0.0,23811.77,Anar Fent,Premsa,Local/Comarcal,funcions/ERC
2021,CULTURA 21 SCCL,F65947814,Cultura 21,0.0,0.0,23367.74,23367.74,0.0,23367.74,0.0,0.0,0.0,0.0,0.0,0.0,0.0,Cultura 21,Associació/Entitat,Catalunya,funcions/ERC
2021,"L'ENLLAC DELS ANOIENCS, SL",B62750443,L'Enllac Dels Anoiencs,23011.35,0.0,0.0,23011.35,0.0,0.0,0.0,0.0,0.0,0.0,0.0,0.0,23011.35,L'Enllac Dels Anoiencs,Premsa,Local/Comarcal,funcions/ERC
2021,LABORATORI LIVE MEDIA,G64210768,Laboratori Live Media,22953.21,0.0,0.0,22953.21,5834.21,0.0,0.0,0.0,0.0,0.0,0.0,0.0,17119.0,Laboratori Live Media,Premsa,Local/Comarcal,funcions/ERC
2021,Fem Produccions S.L.,B66084377,Fem Produccions,22193.89,0.0,0.0,22193.89,0.0,0.0,0.0,0.0,0.0,0.0,0.0,0.0,22193.89,Fem Produccions,Productora,Local/Comarcal,funcions/ERC
2021,COL.LEGI PROF.AUDIOVISUAL DE CAT.,G63324727,Col.Legi Prof.Audiovisual De Cat.,22000.0,0.0,0.0,22000.0,0.0,0.0,0.0,0.0,0.0,0.0,0.0,0.0,22000.0,Col.Legi Prof.Audiovisual De Cat.,Associació/Entitat,Local/Comarcal,funcions/ERC
2021,ASSOCIACIO ESCOLA DE RADIO I PERIODISME DIGITAL DE L EMPORDA,G55372239,Associacio Escola De Radio I Periodisme Digital De L Emporda,22000.0,0.0,0.0,22000.0,0.0,0.0,0.0,0.0,0.0,0.0,0.0,0.0,22000.0,Associacio Escola De Radio I Periodisme Digital De L Emporda,Associació/Entitat,Local/Comarcal,funcions/ERC
2021,"BIFIDUS PRODUCCIONS, SL",B63999254,Bifidus Produccions,18865.57,2973.0,0.0,21838.57,0.0,0.0,2973.0,0.0,0.0,0.0,0.0,0.0,18865.57,Bifidus Produccions,Productora,Local/Comarcal,funcions/ERC
2021,"LIMICOLA, SL",B43808294,Limícola,20951.4,0.0,0.0,20951.4,0.0,0.0,0.0,0.0,0.0,0.0,0.0,0.0,20951.4,Limícola,Altres,Local/Comarcal,funcions/ERC
2021,Kiss Media SL,B83773610,Kiss Media,0.0,0.0,18808.68,18808.68,0.0,17147.28,0.0,0.0,0.0,0.0,0.0,0.0,1661.4,Kiss Media,Premsa,Local/Comarcal,funcions/ERC
2021,EDICIONS DEL NUVOL,B66917048,Núvol,18596.77,0.0,0.0,18596.77,0.0,0.0,0.0,0.0,0.0,0.0,0.0,0.0,18596.77,Núvol,Internet,Catalunya,funcions/ERC
2021,ASSOCIACIO CULTURAL REVISTA ALELLA,G59119594,Associacio Cultural Revista Alella,17426.58,0.0,0.0,17426.58,0.0,0.0,9500.0,0.0,0.0,0.0,0.0,0.0,7926.58,Associacio Cultural Revista Alella,Associació/Entitat,Local/Comarcal,funcions/ERC
2021,"GARRAF NEWS MEDIA, SL",B64053770,Garraf News Media,17120.88,0.0,0.0,17120.88,0.0,0.0,0.0,0.0,0.0,0.0,0.0,0.0,17120.88,Garraf News Media,Premsa,Local/Comarcal,funcions/ERC
2021,ORNA COMUNICACION SL,B64508955,Orna Comunicacion,16380.53,0.0,0.0,16380.53,0.0,0.0,0.0,0.0,0.0,0.0,0.0,0.0,16380.53,Orna Comunicacion,Premsa,Local/Comarcal,funcions/ERC
2021,FUNDACIO BLANQUERNA,R5800622B,Fundació Blanquerna (URL),10266.99,6090.0,0.0,16356.99,0.0,6090.0,0.0,0.0,0.0,0.0,0.0,0.0,10266.99,Fundació Blanquerna (URL),Associació/Entitat,Catalunya,funcions/ERC
2021,TITANIA COMPAÑIA EDITORIAL SL,B82938572,Titania Compañia Editorial,0.0,0.0,15444.98,15444.98,0.0,15444.98,0.0,0.0,0.0,0.0,0.0,0.0,0.0,Titania Compañia Editorial,Premsa,Local/Comarcal,funcions/ERC
2021,ASSOCIACIO WELCOME TALENT SOCIETY,G67100883,Associacio Welcome Talent Society,15000.0,0.0,0.0,15000.0,0.0,0.0,0.0,10000.0,0.0,0.0,0.0,0.0,5000.0,Associacio Welcome Talent Society,Associació/Entitat,Local/Comarcal,funcions/ERC
2021,ASSOCIACIO XARXA AUDIVOSUAL COMUNIT,G42981498,Associacio Xarxa Audivosual Comunit,14910.0,0.0,0.0,14910.0,0.0,0.0,0.0,0.0,0.0,0.0,0.0,0.0,14910.0,Associacio Xarxa Audivosual Comunit,Associació/Entitat,Local/Comarcal,funcions/ERC
2021,"EDICIONS VALLS COMUNICACIO, S.L.",B43518232,Edicions Valls Comunicacio,14312.97,0.0,0.0,14312.97,0.0,0.0,0.0,0.0,0.0,0.0,0.0,0.0,14312.97,Edicions Valls Comunicacio,Premsa,Local/Comarcal,funcions/ERC
2021,EDICIONS LA VEU DEL PAIS VALENCIA S,F98614076,Edicions La Veu Del Pais Valencia S,13940.94,0.0,0.0,13940.94,0.0,0.0,0.0,0.0,0.0,0.0,0.0,0.0,13940.94,Edicions La Veu Del Pais Valencia S,Premsa,Local/Comarcal,funcions/ERC
2021,Associacio de Cultura Popular i Tra,G05474028,Associacio De Cultura Popular I Tra,13800.0,0.0,0.0,13800.0,0.0,0.0,0.0,0.0,0.0,0.0,0.0,0.0,13800.0,Associacio De Cultura Popular I Tra,Associació/Entitat,Local/Comarcal,funcions/ERC
2021,ASS.PROMOC.MITJANS COMUN.LOCAL DTE,G60493467,Ass.Promoc.Mitjans Comun.Local Dte,12287.24,0.0,0.0,12287.24,9500.0,0.0,0.0,0.0,0.0,0.0,0.0,0.0,2787.24,Ass.Promoc.Mitjans Comun.Local Dte,Associació/Entitat,Local/Comarcal,funcions/ERC
2021,Motorpress Ibérica SAU,A28602389,Motorpress Ibérica (revistes),0.0,0.0,12200.0,12200.0,0.0,12200.0,0.0,0.0,0.0,0.0,0.0,0.0,0.0,Motorpress Ibérica (revistes),Premsa,Espanya,funcions/ERC
2021,Marca Radio SL,B85088052,Radio Marca,0.0,0.0,12121.51,12121.51,0.0,10084.01,0.0,0.0,0.0,0.0,0.0,0.0,2037.5,Radio Marca,Ràdio,Espanya,funcions/ERC
2021,Catalunya Ràdio SRG,A08775487,CCMA (Mitjans públics catalans),0.0,0.0,11635.31,11635.31,0.0,11635.31,0.0,0.0,0.0,0.0,0.0,0.0,0.0,Catalunya Ràdio,Ràdio,Catalunya,funcions/ERC
2021,HEARST ESPAÑA SL,B81230764,Hearst España (revistes),0.0,0.0,11500.0,11500.0,0.0,11500.0,0.0,0.0,0.0,0.0,0.0,0.0,0.0,Hearst España (revistes),Premsa,Espanya,funcions/ERC
2021,PAUTA MEDIA SL,B64869670,Pauta Media,11216.07,0.0,0.0,11216.07,0.0,0.0,0.0,0.0,0.0,0.0,0.0,0.0,11216.07,Pauta Media,Premsa,Local/Comarcal,funcions/ERC
2021,ASSOCIACIO CULTURAL VALORS,G63498109,Associacio Cultural Valors,10928.73,0.0,0.0,10928.73,0.0,0.0,0.0,0.0,0.0,0.0,0.0,0.0,10928.73,Associacio Cultural Valors,Associació/Entitat,Local/Comarcal,funcions/ERC
2021,VALENCIA EXTRA S.L.,B98887185,Valencia Extra,10800.46,0.0,0.0,10800.46,0.0,0.0,0.0,0.0,0.0,0.0,0.0,0.0,10800.46,Valencia Extra,Premsa,Local/Comarcal,funcions/ERC
2021,QUELCOM GLOBAL SL,B67273219,Quelcom Global,10592.8,0.0,0.0,10592.8,0.0,0.0,0.0,0.0,0.0,0.0,0.0,0.0,10592.8,Quelcom Global,Altres,Catalunya,funcions/ERC
2021,FUNDACIO PRIVADA VINCLE,G64913817,Fundacio Privada Vincle,10419.2,0.0,0.0,10419.2,0.0,0.0,0.0,0.0,0.0,0.0,0.0,0.0,10419.2,Fundacio Privada Vincle,Associació/Entitat,Local/Comarcal,funcions/ERC
2021,ASSO.VEINS PROP.MONT D'ORSA DE VALL,G08903346,Asso.Veins Prop.Mont D'Orsa De Vall,10300.0,0.0,0.0,10300.0,10300.0,0.0,0.0,0.0,0.0,0.0,0.0,0.0,0.0,Asso.Veins Prop.Mont D'Orsa De Vall,Premsa,Local/Comarcal,funcions/ERC
2021,BLUE GLOBE MEDIA SL,B67007807,Blue Globe Media,10191.69,0.0,0.0,10191.69,0.0,0.0,0.0,0.0,0.0,0.0,0.0,0.0,10191.69,Blue Globe Media,Premsa,Local/Comarcal,funcions/ERC
2021,CA LA MANYANA SL,B60689270,Ca La Manyana,10000.0,0.0,0.0,10000.0,0.0,0.0,0.0,0.0,0.0,0.0,0.0,0.0,10000.0,Ca La Manyana,Premsa,Local/Comarcal,funcions/ERC
2021,ASSOCIACIO CULTURAL AD HOC,G66750217,Associacio Cultural Ad Hoc,10000.0,0.0,0.0,10000.0,0.0,0.0,0.0,0.0,0.0,0.0,0.0,0.0,10000.0,Associacio Cultural Ad Hoc,Associació/Entitat,Local/Comarcal,funcions/ERC
2021,ASSOCIACIO ONA MEDITERRANIA,G57834004,Associacio Ona Mediterrania,9841.56,0.0,0.0,9841.56,0.0,0.0,0.0,0.0,0.0,0.0,0.0,0.0,9841.56,Associacio Ona Mediterrania,Associació/Entitat,Local/Comarcal,funcions/ERC
2021,SINDICAT DE PERIODISTES DE CATALUNY,G60369931,Sindicat De Periodistes De Cataluny,9625.57,0.0,0.0,9625.57,0.0,0.0,0.0,0.0,0.0,0.0,0.0,0.0,9625.57,Sindicat De Periodistes De Cataluny,Associació/Entitat,Local/Comarcal,funcions/ERC
2021,"Publicacions de l'Abadia de Montserrat, S.A.",A08176499,Publicacions de l'Abadia de Montserrat,0.0,0.0,9335.52,9335.52,0.0,9335.52,0.0,0.0,0.0,0.0,0.0,0.0,0.0,Publicacions de l'Abadia de Montserrat,Premsa,Catalunya,funcions/ERC
2021,"RaDIO ASS. DE CATALUNYA, SCCL",F08657306,Radio Ass. De Catalunya,9000.0,0.0,0.0,9000.0,0.0,0.0,0.0,0.0,0.0,0.0,0.0,0.0,9000.0,Radio Ass. De Catalunya,Associació/Entitat,Local/Comarcal,funcions/ERC
2021,Fundacio Privada Reeixida,G63307961,Fundacio Privada Reeixida,8142.21,0.0,0.0,8142.21,0.0,0.0,0.0,0.0,0.0,0.0,0.0,0.0,8142.21,Fundacio Privada Reeixida,Associació/Entitat,Local/Comarcal,funcions/ERC
2021,FUND.CONSELL DE LA INFORMACIO CAT.,V61980728,Fund.Consell De La Informacio Cat.,8000.0,0.0,0.0,8000.0,0.0,0.0,0.0,0.0,0.0,0.0,0.0,0.0,8000.0,Fund.Consell De La Informacio Cat.,Associació/Entitat,Local/Comarcal,funcions/ERC
2021,"PREMSA LOCAL EL JARDI, SCCL",F67269993,Premsa Local El Jardi,7707.79,0.0,0.0,7707.79,0.0,0.0,0.0,0.0,0.0,0.0,0.0,0.0,7707.79,Premsa Local El Jardi,Premsa,Local/Comarcal,funcions/ERC
2021,Unidad Editorial Información Económica SL,B85076900,Unidad Editorial (informació econ.),0.0,0.0,7164.5,7164.5,0.0,7164.5,0.0,0.0,0.0,0.0,0.0,0.0,0.0,Unidad Editorial (informació econ.),Premsa,Espanya,funcions/ERC
2021,A.D.C. DIRCOM,G80473259,A.D.C. Dircom,7000.0,0.0,0.0,7000.0,0.0,0.0,0.0,0.0,0.0,0.0,0.0,0.0,7000.0,A.D.C. Dircom,Premsa,Local/Comarcal,funcions/ERC
2021,GRUPO CALAFORRA MEDIA S.L.,B98980089,Grupo Calaforra Media,6601.41,0.0,0.0,6601.41,0.0,0.0,0.0,0.0,0.0,0.0,0.0,0.0,6601.41,Grupo Calaforra Media,Premsa,Local/Comarcal,funcions/ERC
2021,"BALAGUER AUDIOVISUALS, S.L.",B25629734,Balaguer Audiovisuals,6528.91,0.0,0.0,6528.91,0.0,0.0,0.0,0.0,0.0,0.0,0.0,0.0,6528.91,Balaguer Audiovisuals,TV,Local/Comarcal,funcions/ERC
2021,INFORMACIO DE COMARQUES SL,B25754078,Informacio De Comarques,6000.0,0.0,0.0,6000.0,0.0,0.0,0.0,0.0,0.0,0.0,0.0,0.0,6000.0,Informacio De Comarques,Premsa,Local/Comarcal,funcions/ERC
2021,TOT CERDANYOLA SL,B60651874,Tot Cerdanyola,6000.0,0.0,0.0,6000.0,0.0,0.0,0.0,0.0,0.0,0.0,0.0,0.0,6000.0,Tot Cerdanyola,Premsa,Local/Comarcal,funcions/ERC
2021,REPUTATION STRATEGY CONSULTANTS SL,B67605113,Reputation Strategy Consultants,5659.63,0.0,0.0,5659.63,0.0,0.0,0.0,0.0,0.0,0.0,0.0,0.0,5659.63,Reputation Strategy Consultants,Altres,Local/Comarcal,funcions/ERC
2021,ASSOCIACIO CULT.AMICS DE L'OM,,Associacio Cult.Amics De L'Om,5556.7,0.0,0.0,5556.7,0.0,0.0,0.0,0.0,0.0,0.0,0.0,0.0,5556.7,Associacio Cult.Amics De L'Om,Associació/Entitat,Local/Comarcal,funcions/ERC
2021,EDITORIAL ECOPRENSA SA,A84289230,Editorial Ecoprensa,0.0,0.0,5275.0,5275.0,0.0,5275.0,0.0,0.0,0.0,0.0,0.0,0.0,0.0,Editorial Ecoprensa,Premsa,Local/Comarcal,funcions/ERC
2021,ASS. CULT. ARGUDELL - LES ALBERES,G05487566,Ass. Cult. Argudell - Les Alberes,5000.0,0.0,0.0,5000.0,0.0,0.0,0.0,0.0,0.0,0.0,0.0,0.0,5000.0,Ass. Cult. Argudell - Les Alberes,Associació/Entitat,Local/Comarcal,funcions/ERC
2021,LA RELLA.INICIATIVES SOCIOCULTURALS,G63494009,La Rella.Iniciatives Socioculturals,4223.09,0.0,0.0,4223.09,0.0,0.0,0.0,0.0,0.0,0.0,0.0,0.0,4223.09,La Rella.Iniciatives Socioculturals,Premsa,Local/Comarcal,funcions/ERC
2021,"Plandora, SCP",J25745654,Plandora,4174.32,0.0,0.0,4174.32,0.0,0.0,0.0,0.0,0.0,0.0,0.0,0.0,4174.32,Plandora,Premsa,Local/Comarcal,funcions/ERC
2021,PROMICSA SA,A43030302,Diari de Tarragona (Grup),0.0,0.0,3420.0,3420.0,0.0,3420.0,0.0,0.0,0.0,0.0,0.0,0.0,0.0,Diari de Tarragona (Grup),Premsa,Local/Comarcal,funcions/ERC
2021,ASS. AB ORIGINE DIVULG. HISTORICA,G67151183,Ass. Ab Origine Divulg. Historica,3090.0,0.0,0.0,3090.0,0.0,0.0,0.0,0.0,0.0,0.0,0.0,0.0,3090.0,Ass. Ab Origine Divulg. Historica,Associació/Entitat,Local/Comarcal,funcions/ERC
2021,FUNDACIO JOSEP IRLA,,Fundacio Josep Irla,3000.0,0.0,0.0,3000.0,0.0,0.0,0.0,0.0,0.0,0.0,0.0,0.0,3000.0,Fundacio Josep Irla,Associació/Entitat,Local/Comarcal,funcions/ERC
2021,COL.ENGINY.CAM.CANALS I PORTS,Q2867009I,Col.Enginy.Cam.Canals I Ports,2597.41,0.0,0.0,2597.41,0.0,0.0,0.0,0.0,0.0,0.0,0.0,0.0,2597.41,Col.Enginy.Cam.Canals I Ports,Associació/Entitat,Local/Comarcal,funcions/ERC
2021,ASSOCIACIO CULTURAL LA TORRATXA,G02859882,Associacio Cultural La Torratxa,2000.0,0.0,0.0,2000.0,0.0,0.0,0.0,0.0,0.0,0.0,0.0,0.0,2000.0,Associacio Cultural La Torratxa,Associació/Entitat,Local/Comarcal,funcions/ERC
2021,AS. VEGANA DE CATALUNYA,G05284112,As. Vegana De Catalunya,1749.21,0.0,0.0,1749.21,0.0,0.0,0.0,0.0,0.0,0.0,0.0,0.0,1749.21,As. Vegana De Catalunya,Premsa,Local/Comarcal,funcions/ERC
2021,ASSOCIACIO SOM DE L OEST,G25849696,Associacio Som De L Oest,1400.0,0.0,0.0,1400.0,0.0,0.0,0.0,0.0,0.0,1400.0,0.0,0.0,0.0,Associacio Som De L Oest,Associació/Entitat,Local/Comarcal,funcions/ERC
2021,ASS.CULTURAL PER A LA CREACIO D'EMISSOR,G43398411,Ass.Cultural Per A La Creacio D'Emissor,1200.0,0.0,0.0,1200.0,0.0,0.0,1200.0,0.0,0.0,0.0,0.0,0.0,0.0,Ass.Cultural Per A La Creacio D'Emissor,Associació/Entitat,Local/Comarcal,funcions/ERC
2021,ASSOCIACIO RADIO COMUNITARIA HOSTAF ASSOCIACIO RADIO COMUNITARIA HOSTAF,G67059469,Associacio Radio Comunitaria Hostaf Associacio Radio Comunitaria Hostaf,1000.0,0.0,0.0,1000.0,1000.0,0.0,0.0,0.0,0.0,0.0,0.0,0.0,0.0,Associacio Radio Comunitaria Hostaf Associacio Radio Comunitaria Hostaf,Associació/Entitat,Local/Comarcal,funcions/ERC
2021,ASSOCIACIO BANC DEL TEMPS DE CERDAN ASSOCIACIO BANC DEL TEMPS DE CERDAN DEL VALLES,G67322370,Associacio Banc Del Temps De Cerdan Associacio Banc Del Temps De Cerdan Del Valles,780.0,0.0,0.0,780.0,0.0,0.0,780.0,0.0,0.0,0.0,0.0,0.0,0.0,Associacio Banc Del Temps De Cerdan Associacio Banc Del Temps De Cerdan Del Valles,Associació/Entitat,Local/Comarcal,funcions/ERC
2021,ASSOCIACIoTEATRE DEL TEMPS,,Associacioteatre Del Temps,435.6,0.0,0.0,435.6,0.0,0.0,0.0,0.0,0.0,0.0,0.0,0.0,435.6,Associacioteatre Del Temps,Associació/Entitat,Local/Comarcal,funcions/ERC
2022,"CORPORACIO CATALANA DE MITJANS AUDIOVISUALS, S.A.",A08849622,CCMA (Mitjans públics catalans),401361.0,197190.46,3730663.93,4329215.39,0.0,3640263.47,1270.5,0.0,0.0,45000.0,0.0,0.0,642681.42,TV3 (CCMA),TV,Catalunya,ERC
2022,"LA VANGUARDIA EDICIONES,S.L.",B61475257,Grup Godó,949879.24,12847.74,2709890.69,3672617.67,0.0,2685573.8,1791.89,0.0,0.0,0.0,0.0,0.0,985251.98,La Vanguardia,Premsa,Catalunya,ERC
2022,"RADIOCAT XXI,S.L.",B61726626,Grup Godó,787856.84,0.0,2045064.65,2832921.49,0.0,2019454.33,0.0,0.0,0.0,0.0,0.0,0.0,813467.16,RAC1,Ràdio,Catalunya,ERC
2022,"EDICIO DE PREMSA PERIODICA ARA, SL",B65258261,Diari ARA,555070.0,13302.69,2091390.36,2659763.05,0.0,2093407.7,1320.69,0.0,0.0,0.0,0.0,0.0,565034.66,Ara,Premsa,Catalunya,ERC
2022,"EL PERIODICO DE CATALUNYA, SLU",B66485343,Prensa Ibérica,556328.98,46562.75,1874253.25,2477144.98,0.0,1864875.98,33978.61,0.0,0.0,0.0,0.0,0.0,578290.39,El Periódico de Catalunya,Premsa,Catalunya,ERC
2022,"HERMES COMUNICACIONS,S.A.",A17374547,Hermes Comunicacions (Punt Avui),511121.28,115355.38,758999.37,1385476.03,0.0,780884.13,84030.83,0.0,0.0,0.0,0.0,0.0,520561.07,El Punt Avui,Premsa,Catalunya,ERC
2022,"SOCIEDAD ESPANOLA DE RADIODIFUSION, SL",B28016970,Grupo Prisa,375000.0,150238.34,727794.65,1253032.99,0.0,712165.25,147238.34,0.0,0.0,0.0,0.0,0.0,393629.4,Cadena SER,Ràdio,Espanya,ERC
2022,"GRUP FLAIX, SL",B61801635,Flaix (Flaixbac / Flaix FM),396000.0,0.0,831181.45,1227181.45,0.0,828750.7,0.0,0.0,0.0,0.0,0.0,0.0,398430.75,Flaix (Flaixbac / Flaix FM),Ràdio,Catalunya,ERC
2022,"EMISSIONS DIGITALS DE CATALUNYA, SA",A63200828,8TV,501000.0,0.0,633255.05,1134255.05,0.0,633255.05,0.0,0.0,0.0,0.0,0.0,0.0,501000.0,8TV,TV,Catalunya,ERC
2022,GRUP LES NOTICIES DE CATALUNYA,B66541947,El Nacional,330000.0,0.0,632659.11,962659.11,0.0,626757.99,0.0,0.0,0.0,0.0,0.0,0.0,335901.12,El Nacional,Internet,Catalunya,ERC
2022,ASSOCIACIO DE MITJANS D INFORMACIO I COMUNICACIO,G61514162,AMIC (Associació de Mitjans),346079.64,0.0,418733.96,764813.6,0.0,408733.96,0.0,0.0,12000.0,0.0,0.0,0.0,344079.64,AMIC (Associació de Mitjans),Associació/Entitat,Catalunya,ERC
2022,CATALUNYA RÀDIO,A08846974,CCMA (Mitjans públics catalans),0.0,0.0,736474.5,736474.5,0.0,724955.2,0.0,0.0,0.0,0.0,0.0,0.0,11519.3,Catalunya Ràdio,Ràdio,Catalunya,ERC
2022,ASSOC.PUBLICACIONS PERIODIQUES EN CATALA DABAST NACIONAL DE BARCELONA,G58366675,APPEC (Associació editors premsa),356782.9,263629.69,0.0,620412.59,3000.0,3349.17,0.0,11000.0,5000.0,0.0,0.0,0.0,598063.42,APPEC (Associació editors premsa),Associació/Entitat,Catalunya,ERC
2022,80 MES 4 PUBLICACIONS SL,B65672495,Premsa comarcal (80 Mes 4 Publicacions),205180.0,39130.0,359430.44,603740.44,0.0,388056.6,8800.0,0.0,0.0,0.0,0.0,0.0,206883.84,Premsa comarcal (80 Mes 4 Publicacions),Premsa,Local/Comarcal,ERC
2022,"DIARI SEGRE, S.L.U.",B25275926,Segre,309129.7,5873.3,263211.57,578214.57,0.0,258507.52,3617.84,0.0,0.0,0.0,0.0,0.0,316089.21,Segre,Premsa,Local/Comarcal,ERC
2022,"EDICIONS INTERCOMARCALS,S.A.",A08539165,Regió 7,232461.65,134383.88,207528.23,574373.76,0.0,202878.23,132981.4,0.0,0.0,0.0,0.0,0.0,238514.13,Regió 7,Premsa,Local/Comarcal,ERC
2022,"DIARI DE GIRONA, S.A.",A61135521,Prensa Ibérica,255357.85,37626.47,249868.16,542852.48,0.0,246468.16,35957.23,0.0,20000.0,0.0,0.0,0.0,240427.09,Diari de Girona,Premsa,Local/Comarcal,ERC
2022,"EDICIONES DEP.CATALANAS,S.A.",A08605503,Prensa Ibérica,40000.0,132982.32,365919.37,538901.69,0.0,498901.69,0.0,0.0,0.0,0.0,0.0,0.0,40000.0,Sport,Premsa,Catalunya,ERC
2022,"SAPIENS, SCCL",F64074982,Sàpiens,3487.98,0.0,467348.0,470835.98,0.0,461211.69,0.0,0.0,0.0,0.0,0.0,0.0,9624.29,Sàpiens,Premsa,Catalunya,ERC
2022,"SERVEIS DE COMUNICACIO GLOBAL AQUITANIA,",B60955564,Nació Digital,0.0,480.0,420763.59,421243.59,0.0,412394.9,480.0,0.0,0.0,0.0,0.0,0.0,8368.69,Nació Digital,Internet,Catalunya,ERC
2022,PROMOTORA MEDITERRANEA DE INFORMACI,A43056787,El Temps,100000.0,31739.32,281827.84,413567.16,0.0,294770.52,17513.0,0.0,0.0,0.0,0.0,0.0,101283.64,El Temps,Premsa,Comunitat Valenciana,ERC
2022,UNIPREX SA,A28782936,Onda Cero / Europa FM,0.0,600.0,394922.04,395522.04,0.0,394922.04,600.0,0.0,0.0,0.0,0.0,0.0,0.0,Onda Cero / Europa FM,Ràdio,Espanya,ERC
2022,EDICIONS DIARI DE TERRASSA S.L.,B02851848,Diari de Terrassa,224181.11,346.15,145091.43,369618.69,0.0,139333.74,0.0,0.0,0.0,0.0,0.0,0.0,230284.95,Diari de Terrassa,Premsa,Local/Comarcal,ERC
2022,"EL MUNDO DEPORTIVO, SA",A59114082,Grup Godó,12000.0,3141.3,313946.44,329087.74,12000.0,316176.25,911.49,0.0,0.0,0.0,0.0,0.0,0.0,Mundo Deportivo,Premsa,Espanya,ERC
2022,"20 MINUTOS EDITORA, SL",B99083966,20 Minutos,0.0,0.0,308939.86,308939.86,0.0,308939.86,0.0,0.0,0.0,0.0,0.0,0.0,0.0,20 Minutos,Premsa,Espanya,ERC
2022,PREMSA D OSONA (EL 9 NOU),A08447369,El 9 Nou,125152.99,8198.54,147287.99,280639.52,0.0,148191.84,5174.5,0.0,0.0,0.0,0.0,0.0,127273.18,El 9 Nou,Premsa,Local/Comarcal,ERC
2022,FUNDACIO FRANCESC EIXIMENIS,G46648655,Fundació Francesc Eiximenis,232196.8,935.0,0.0,233131.8,0.0,15935.0,0.0,45000.0,18000.0,28000.0,0.0,0.0,126196.8,Fundació Francesc Eiximenis,Associació/Entitat,Catalunya,ERC
2022,EDICIONS DIGIT. DE PREMSA LOCAL SL,B09844770,Nació Digital,210000.0,2252.5,0.0,212252.5,0.0,0.0,2252.5,0.0,0.0,0.0,0.0,0.0,210000.0,Premsa local digital (grup),Internet,Local/Comarcal,ERC
2022,Totmedia Comunicació SL,B58364936,Totmedia Comunicació (Grup Hermes),159815.93,51500.0,0.0,211315.93,0.0,21800.0,29700.0,0.0,0.0,0.0,0.0,0.0,159815.93,Totmedia Comunicació (Grup Hermes),Premsa,Catalunya,ERC
2022,Ediciones Condé Nast SA,A28122076,"Condé Nast (Vogue, GQ...)",0.0,0.0,210488.19,210488.19,0.0,210488.19,0.0,0.0,0.0,0.0,0.0,0.0,0.0,"Condé Nast (Vogue, GQ...)",Premsa,Espanya,ERC
2022,ASSOC.CATALANA PREMSA COMARCAL,G58010315,Associació Catalana de Premsa Comarcal,210000.0,0.0,0.0,210000.0,0.0,0.0,0.0,0.0,0.0,0.0,0.0,0.0,210000.0,Associació Catalana de Premsa Comarcal,Associació/Entitat,Catalunya,ERC
2022,AS. PROM. DONES CINEASTES I DE MITJ,G67007005,As. Prom. Dones Cineastes I De Mitj,207684.37,0.0,0.0,207684.37,62200.0,0.0,0.0,8000.0,0.0,0.0,0.0,0.0,137484.37,As. Prom. Dones Cineastes I De Mitj,Premsa,Local/Comarcal,ERC
2022,"RADIO POPULAR,S.A.",A28281368,Cadena COPE,50000.0,0.0,139423.93,189423.93,0.0,139423.93,0.0,0.0,0.0,0.0,0.0,0.0,50000.0,Cadena COPE,Ràdio,Espanya,ERC
2022,"EDICIONS DEL PAIS VALENCIA, S.A.",A46186821,Premsa Comunitat Valenciana (Edicions),187636.51,278.84,0.0,187915.35,0.0,0.0,0.0,0.0,0.0,0.0,0.0,0.0,187915.35,Premsa Comunitat Valenciana (Edicions),Premsa,Comunitat Valenciana,ERC
2022,"EDICIONES EL PAIS, S.L.",B85635910,Grupo Prisa,50000.0,5576.78,111682.0,167258.78,0.0,113733.95,403.2,0.0,0.0,0.0,0.0,0.0,53121.63,El País,Premsa,Espanya,ERC
2022,NOVAPRESS EDICIONS SL,B67186866,Premsa/digital local (Novapress),165839.3,639.42,0.0,166478.72,0.0,326.92,0.0,0.0,0.0,0.0,0.0,0.0,166151.8,Premsa/digital local (Novapress),Internet,Local/Comarcal,ERC
2022,"TAMEDIAXA, SA",A43926682,Tamediaxa,137377.23,14668.47,0.0,152045.7,0.0,3615.47,11053.0,0.0,0.0,0.0,0.0,0.0,137377.23,Tamediaxa,Premsa,Local/Comarcal,ERC
2022,"GRUP ENDERROCK EDICIONS, S.L.",B64863335,Enderrock,143504.21,0.0,0.0,143504.21,4000.0,0.0,30000.0,0.0,15000.0,0.0,0.0,0.0,94504.21,Enderrock,Premsa,Catalunya,ERC
2022,"Diario de Prensa Digital, S.L.",B86509254,Premsa digital (Diario de Prensa Digital),0.0,0.0,139671.49,139671.49,0.0,139671.49,0.0,0.0,0.0,0.0,0.0,0.0,0.0,Premsa digital (Diario de Prensa Digital),Internet,Espanya,ERC
2022,"EUROPA PRESS CATALUNYA,S.A.",A08536922,Europa Press,0.0,139506.77,0.0,139506.77,0.0,12160.29,0.0,0.0,0.0,0.0,0.0,0.0,127346.48,Europa Press Catalunya,Agència de notícies,Catalunya,ERC
2022,"Agència EFE, S.A.U.  S.M.E.",A28028744,Agència EFE,0.0,129713.44,0.0,129713.44,0.0,7084.0,0.0,0.0,0.0,0.0,0.0,0.0,122629.44,Agència EFE,Agència de notícies,Espanya,ERC
2022,"CAPGROS COMUNICACIO, S.L.",B65078545,Capgròs (Empordà),35771.3,92945.11,0.0,128716.41,0.0,231.0,92714.11,0.0,0.0,0.0,0.0,0.0,35771.3,Capgròs (Empordà),Internet,Local/Comarcal,ERC
2022,"PARTAL, MARESMA & ASSOCIATS,S.L.",B61017810,VilaWeb,0.0,800.0,123720.71,124520.71,0.0,124520.71,0.0,0.0,0.0,0.0,0.0,0.0,0.0,VilaWeb,Internet,Catalunya,ERC
2022,ASSOCIACIO ESPAI LINIA,G04980595,Associació Espai Línia,122700.0,0.0,0.0,122700.0,28500.0,0.0,0.0,0.0,0.0,0.0,0.0,0.0,94200.0,Associació Espai Línia,Associació/Entitat,Catalunya,ERC
2022,Promotora de Informaciones SA (PRISA),A28297059,Grupo Prisa,0.0,0.0,110432.35,110432.35,0.0,110432.35,0.0,0.0,0.0,0.0,0.0,0.0,0.0,Grupo PRISA,Premsa,Espanya,ERC
2022,CATMEDIA GLOBAL SL,B55053482,Directe.cat,105411.49,0.0,0.0,105411.49,0.0,0.0,0.0,0.0,0.0,0.0,0.0,0.0,105411.49,Directe.cat,Internet,Catalunya,ERC
2022,L?INSTITUT DE RECURSOS I INVESTIGACIO PE,B58583568,L?Institut De Recursos I Investigacio Pe,72456.11,17503.75,0.0,89959.86,0.0,16457.3,1046.45,0.0,0.0,0.0,0.0,0.0,72456.11,L?Institut De Recursos I Investigacio Pe,Associació/Entitat,Local/Comarcal,ERC
2022,"LIMICOLA, SL",B43808294,Limícola,82892.18,3875.14,0.0,86767.32,0.0,1785.13,1200.0,0.0,0.0,0.0,0.0,0.0,83782.19,Limícola,Altres,Local/Comarcal,ERC
2022,"RADIO TELE TAXI, SA",A08911745,Radio Tele Taxi,0.0,0.0,85297.99,85297.99,0.0,85297.99,0.0,0.0,0.0,0.0,0.0,0.0,0.0,Radio Tele Taxi,Ràdio,Local/Comarcal,ERC
2022,"EL VALLENC, S.L.",B43121144,El Vallenc,79829.52,4841.94,0.0,84671.46,0.0,383.94,4458.0,0.0,0.0,0.0,0.0,0.0,79829.52,El Vallenc,Premsa,Local/Comarcal,ERC
2022,AIMC,G78982733,AIMC,78728.0,0.0,0.0,78728.0,0.0,0.0,0.0,0.0,0.0,0.0,0.0,0.0,78728.0,AIMC,Associació/Entitat,Espanya,ERC
2022,"EDICIONS SALORIA,S.L.",B25503566,Edicions Saloria,54034.13,19983.74,0.0,74017.87,0.0,19983.74,0.0,0.0,3865.18,0.0,0.0,0.0,50168.95,Edicions Saloria,Premsa,Local/Comarcal,ERC
2022,"EDITORIAL L'EMPORDA,S.L.U.",B17091711,El Empordà,51002.8,21603.35,0.0,72606.15,0.0,11680.3,9923.05,0.0,0.0,0.0,0.0,0.0,51002.8,El Empordà,Premsa,Local/Comarcal,ERC
2022,Comunicacions Premsa SA,A60804930,Comunicacions Premsa,0.0,0.0,67673.75,67673.75,0.0,67673.75,0.0,0.0,0.0,0.0,0.0,0.0,0.0,Comunicacions Premsa,Premsa,Local/Comarcal,ERC
2022,HEARST ESPAÑA SL,B81230764,Hearst España (revistes),0.0,0.0,67000.0,67000.0,0.0,67000.0,0.0,0.0,0.0,0.0,0.0,0.0,0.0,Hearst España (revistes),Premsa,Espanya,ERC
2022,QUELCOM GLOBAL SL,B67273219,Quelcom Global,56630.21,8500.0,0.0,65130.21,0.0,250.0,8250.0,0.0,8000.0,0.0,0.0,0.0,48630.21,Quelcom Global,Altres,Catalunya,ERC
2022,REPUTATION STRATEGY CONSULTANTS SL,B67605113,Reputation Strategy Consultants,50000.0,14100.0,0.0,64100.0,0.0,14100.0,0.0,0.0,0.0,0.0,0.0,0.0,50000.0,Reputation Strategy Consultants,Altres,Local/Comarcal,ERC
2022,EDITORA SINGULAR DIGITAL 2GR SL,B64337462,El Singular Digital,61000.0,0.0,0.0,61000.0,0.0,0.0,0.0,0.0,0.0,0.0,0.0,0.0,61000.0,El Singular Digital,Internet,Catalunya,ERC
2022,"TIRABOL PRODUCCIONS, S.L.",B64166705,Racó Català,57715.0,0.0,0.0,57715.0,0.0,0.0,0.0,0.0,0.0,0.0,0.0,0.0,57715.0,Racó Català,Internet,Catalunya,ERC
2022,ASSOCIACIO XARXA AUDIVOSUAL COMUNIT,G42981498,Associacio Xarxa Audivosual Comunit,56995.19,200.0,0.0,57195.19,41995.19,200.0,0.0,0.0,0.0,0.0,0.0,0.0,15000.0,Associacio Xarxa Audivosual Comunit,Associació/Entitat,Local/Comarcal,ERC
2022,CULTURA 21 SCCL,F65947814,Cultura 21,0.0,0.0,52078.54,52078.54,0.0,52078.54,0.0,0.0,0.0,0.0,0.0,0.0,0.0,Cultura 21,Associació/Entitat,Catalunya,ERC
2022,ASS.PROMOC.MITJANS COMUN.LOCAL DTE,G60493467,Ass.Promoc.Mitjans Comun.Local Dte,14169.7,36926.5,0.0,51096.2,9500.0,36926.5,0.0,0.0,0.0,0.0,0.0,0.0,4669.7,Ass.Promoc.Mitjans Comun.Local Dte,Associació/Entitat,Local/Comarcal,ERC
2022,Informació i Comunicació de Barcelona SA SPM,A60783686,Barcelona TV (ICB),0.0,0.0,50011.87,50011.87,0.0,50011.87,0.0,0.0,0.0,0.0,0.0,0.0,0.0,Barcelona TV (ICB),TV,Local/Comarcal,ERC
2022,Col. Publicitaris i Rel. Publiques,Q0801011H,Col. Publicitaris I Rel. Publiques,50000.0,0.0,0.0,50000.0,0.0,0.0,0.0,0.0,0.0,0.0,0.0,0.0,50000.0,Col. Publicitaris I Rel. Publiques,Associació/Entitat,Local/Comarcal,ERC
2022,GRUP DE PERIODISTES RAMON BARN,G62896196,Grup De Periodistes Ramon Barn,49000.0,495.87,0.0,49495.87,19000.0,495.87,0.0,0.0,0.0,9000.0,0.0,0.0,21000.0,Grup De Periodistes Ramon Barn,Premsa,Local/Comarcal,ERC
2022,"COMUNICACIO VINARIA, S.L.",B65331704,Comunicació Vinaròs,48000.0,0.0,0.0,48000.0,0.0,0.0,25000.0,0.0,0.0,0.0,0.0,0.0,23000.0,Comunicació Vinaròs,Premsa,Comunitat Valenciana,ERC
2022,La Mañana Diari de Ponent SA,A25004474,La Mañana (Lleida),0.0,0.0,46245.54,46245.54,0.0,46245.54,0.0,0.0,0.0,0.0,0.0,0.0,0.0,La Mañana (Lleida),Premsa,Local/Comarcal,ERC
2022,FUNDACIO PERIODISME PLURAL,G65978348,Fundació Periodisme Plural,45000.0,0.0,0.0,45000.0,30000.0,0.0,0.0,0.0,0.0,0.0,0.0,0.0,15000.0,Fundació Periodisme Plural,Associació/Entitat,Catalunya,ERC
2022,"GODO STRATEGIES, S.L.U.",B08936643,Grup Godó,0.0,42661.58,0.0,42661.58,0.0,30011.58,12650.0,0.0,0.0,0.0,0.0,0.0,0.0,Godó Strategies (serveis Grup Godó),Altres,Catalunya,ERC
2022,Atresmedia Corporación de Medios de Comunicación SA,A86436195,Antena 3 (Atresmedia),0.0,0.0,41684.51,41684.51,0.0,41684.51,0.0,0.0,0.0,0.0,0.0,0.0,0.0,Antena 3 (Atresmedia),TV,Espanya,ERC
2022,ANTUL INVEST SLU,B66565854,Antul Invest,40000.0,0.0,0.0,40000.0,0.0,0.0,0.0,0.0,0.0,0.0,0.0,0.0,40000.0,Antul Invest,Premsa,Local/Comarcal,ERC
2022,Fem Produccions S.L.,B66084377,Fem Produccions,35809.04,2275.0,0.0,38084.04,0.0,2275.0,0.0,0.0,0.0,0.0,0.0,0.0,35809.04,Fem Produccions,Productora,Local/Comarcal,ERC
2022,"L'AVENC,S.L.",B08503583,L'Avenç,32606.48,5245.33,0.0,37851.81,0.0,5182.83,0.0,0.0,0.0,0.0,0.0,0.0,32668.98,L'Avenç,Premsa,Catalunya,ERC
2022,"Plandora, SCP",J25745654,Plandora,35795.22,330.58,0.0,36125.8,0.0,330.58,0.0,0.0,0.0,0.0,0.0,0.0,35795.22,Plandora,Premsa,Local/Comarcal,ERC
2022,FUNDACIO BLANQUERNA,R5800622B,Fundació Blanquerna (URL),3615.15,32300.0,0.0,35915.15,0.0,32300.0,0.0,0.0,0.0,0.0,0.0,0.0,3615.15,Fundació Blanquerna (URL),Associació/Entitat,Catalunya,ERC
2022,"Associació de Publicacions periòdiques en català, APPEC",G58335158,APPEC (Associació editors premsa),0.0,0.0,34175.98,34175.98,0.0,34175.98,0.0,0.0,0.0,0.0,0.0,0.0,0.0,APPEC (Associació editors premsa),Associació/Entitat,Catalunya,ERC
2022,"MEDIASET ESPAÑA COMUNICACIÓN, S.A.",A79075438,Telecinco / Cuatro (Mediaset),0.0,0.0,33794.71,33794.71,0.0,33794.71,0.0,0.0,0.0,0.0,0.0,0.0,0.0,Telecinco / Cuatro (Mediaset),TV,Espanya,ERC
2022,ASSOCIACIO CATOSFERA,G67190405,Associacio Catosfera,33128.0,0.0,0.0,33128.0,0.0,0.0,9000.0,0.0,5000.0,0.0,0.0,0.0,19128.0,Associacio Catosfera,Associació/Entitat,Local/Comarcal,ERC
2022,"CAXIER EDICIONS, S.L.",B66411828,Caxier Edicions,32783.0,0.0,0.0,32783.0,0.0,0.0,0.0,0.0,0.0,0.0,0.0,0.0,32783.0,Caxier Edicions,Premsa,Local/Comarcal,ERC
2022,ASSOC. CULTURAL GARRIGUENCA DE COMUNICACIONS,G25452335,Assoc. Cultural Garriguenca De Comunicacions,31683.0,743.8,0.0,32426.8,0.0,743.8,0.0,0.0,0.0,5423.0,0.0,0.0,26260.0,Assoc. Cultural Garriguenca De Comunicacions,Associació/Entitat,Local/Comarcal,ERC
2022,"INFOM KIT LPS, S.L.",B65946162,Infom Kit Lps,31119.55,0.0,0.0,31119.55,0.0,0.0,0.0,0.0,0.0,0.0,0.0,0.0,31119.55,Infom Kit Lps,Premsa,Local/Comarcal,ERC
2022,Associacio de Cultura Popular i Tra,G05474028,Associacio De Cultura Popular I Tra,30947.61,0.0,0.0,30947.61,0.0,0.0,0.0,0.0,0.0,0.0,0.0,0.0,30947.61,Associacio De Cultura Popular I Tra,Associació/Entitat,Local/Comarcal,ERC
2022,CRONICA GLOBAL MEDIA SL,B66566415,Prensa Ibérica,0.0,0.0,30249.81,30249.81,0.0,30249.81,0.0,0.0,0.0,0.0,0.0,0.0,0.0,Crónica Global,Internet,Catalunya,ERC
2022,Catalunya Ràdio SRG,A08775487,CCMA (Mitjans públics catalans),0.0,0.0,29712.35,29712.35,0.0,29712.35,0.0,0.0,0.0,0.0,0.0,0.0,0.0,Catalunya Ràdio,Ràdio,Catalunya,ERC
2022,"PUBLICACIONS ANOIA, S.L.",B08818189,Publicacions Anoia,27158.23,1950.0,0.0,29108.23,0.0,1950.0,0.0,0.0,0.0,0.0,0.0,0.0,27158.23,Publicacions Anoia,Premsa,Local/Comarcal,ERC
2022,INFORMACIO DE COMARQUES SL,B25754078,Informacio De Comarques,27144.09,0.0,0.0,27144.09,0.0,0.0,0.0,0.0,0.0,0.0,0.0,0.0,27144.09,Informacio De Comarques,Premsa,Local/Comarcal,ERC
2022,LABORATORI LIVE MEDIA,G64210768,Laboratori Live Media,26912.1,0.0,0.0,26912.1,6489.9,0.0,0.0,0.0,0.0,0.0,0.0,0.0,20422.2,Laboratori Live Media,Premsa,Local/Comarcal,ERC
2022,ASS.CULTURAL L'INDEPENDENT DE GRACI,G66245986,Ass.Cultural L'Independent De Graci,25335.95,0.0,0.0,25335.95,2465.0,0.0,0.0,0.0,0.0,0.0,0.0,0.0,22870.95,Ass.Cultural L'Independent De Graci,Associació/Entitat,Local/Comarcal,ERC
2022,COL.LEGI PROF.AUDIOVISUAL DE CAT.,G63324727,Col.Legi Prof.Audiovisual De Cat.,25000.0,0.0,0.0,25000.0,0.0,0.0,0.0,0.0,0.0,0.0,0.0,0.0,25000.0,Col.Legi Prof.Audiovisual De Cat.,Associació/Entitat,Local/Comarcal,ERC
2022,CRITIC SCCL,F66334806,Crític,23000.0,1386.06,0.0,24386.06,3000.0,1386.06,0.0,0.0,0.0,0.0,0.0,0.0,20000.0,Crític,Internet,Catalunya,ERC
2022,ASSOCIACIO CULTURAL REVISTA ALELLA,G59119594,Associacio Cultural Revista Alella,23650.0,250.0,0.0,23900.0,0.0,0.0,12750.0,0.0,0.0,0.0,0.0,0.0,11150.0,Associacio Cultural Revista Alella,Associació/Entitat,Local/Comarcal,ERC
2022,SINDICAT DE PERIODISTES DE CATALUNY,G60369931,Sindicat De Periodistes De Cataluny,23223.5,0.0,0.0,23223.5,0.0,0.0,0.0,0.0,0.0,0.0,0.0,0.0,23223.5,Sindicat De Periodistes De Cataluny,Associació/Entitat,Local/Comarcal,ERC
2022,EDITORIAL ECOPRENSA SA,A84289230,Editorial Ecoprensa,0.0,0.0,23120.0,23120.0,0.0,23120.0,0.0,0.0,0.0,0.0,0.0,0.0,0.0,Editorial Ecoprensa,Premsa,Local/Comarcal,ERC
2022,"EDICIONS PERIODIQUES ARA BALEARS, S",B57806762,Diari ARA,22959.68,0.0,0.0,22959.68,0.0,0.0,0.0,0.0,0.0,0.0,0.0,0.0,22959.68,"Edicions Periodiques Ara Balears, S",Premsa,Local/Comarcal,ERC
2022,ASSOCIACIO ESCOLA DE RADIO I PERIODISME DIGITAL DE L EMPORDA,G55372239,Associacio Escola De Radio I Periodisme Digital De L Emporda,22500.0,0.0,0.0,22500.0,0.0,0.0,0.0,0.0,0.0,0.0,0.0,0.0,22500.0,Associacio Escola De Radio I Periodisme Digital De L Emporda,Associació/Entitat,Local/Comarcal,ERC
2022,EDICIONS DEL NUVOL,B66917048,Núvol,12739.26,8897.93,0.0,21637.19,0.0,8647.93,250.0,0.0,0.0,0.0,0.0,0.0,12739.26,Núvol,Internet,Catalunya,ERC
2022,ASSOC. CATALANA DE MITJANS LOCALS,G64172505,Assoc. Catalana De Mitjans Locals,20700.0,0.0,0.0,20700.0,5000.0,0.0,0.0,0.0,0.0,0.0,0.0,0.0,15700.0,Assoc. Catalana De Mitjans Locals,Associació/Entitat,Local/Comarcal,ERC
2022,ASSOCIACIO XARXA DIGITAL CATALANA,G63274534,Associacio Xarxa Digital Catalana,20361.4,0.0,0.0,20361.4,0.0,0.0,0.0,0.0,0.0,0.0,0.0,0.0,20361.4,Associacio Xarxa Digital Catalana,Associació/Entitat,Local/Comarcal,ERC
2022,PROMICSA SA,A43030302,Diari de Tarragona (Grup),0.0,0.0,20047.76,20047.76,0.0,20047.76,0.0,0.0,0.0,0.0,0.0,0.0,0.0,Diari de Tarragona (Grup),Premsa,Local/Comarcal,ERC
2022,Ass. Cat. Editors de Diaris,G62841697,Ass. Cat. Editors De Diaris,20000.0,0.0,0.0,20000.0,0.0,0.0,0.0,0.0,0.0,0.0,0.0,0.0,20000.0,Ass. Cat. Editors De Diaris,Associació/Entitat,Local/Comarcal,ERC
2022,Associacio de l'observatori de les dones en els mitjans de comunicacio,G65059743,Associacio De L'Observatori De Les Dones En Els Mitjans De Comunicacio,20000.0,0.0,0.0,20000.0,0.0,0.0,0.0,20000.0,0.0,0.0,0.0,0.0,0.0,Associacio De L'Observatori De Les Dones En Els Mitjans De Comunicacio,Associació/Entitat,Local/Comarcal,ERC
2022,ASSOC.FORA DE QUADRE ASSOCIACIO FORA DE QUADRE,G63071518,Assoc.Fora De Quadre Associacio Fora De Quadre,17417.5,1955.66,0.0,19373.16,4000.0,1955.66,0.0,0.0,0.0,0.0,0.0,0.0,13417.5,Assoc.Fora De Quadre Associacio Fora De Quadre,Associació/Entitat,Local/Comarcal,ERC
2022,"RBA Revistas, SL",B64610389,RBA Holding,0.0,43.22,17277.0,17320.22,0.0,17277.0,43.22,0.0,0.0,0.0,0.0,0.0,0.0,RBA Revistas,Premsa,Espanya,ERC
2022,"L'ENLLAC DELS ANOIENCS, SL",B62750443,L'Enllac Dels Anoiencs,16950.27,0.0,0.0,16950.27,0.0,0.0,0.0,0.0,0.0,0.0,0.0,0.0,16950.27,L'Enllac Dels Anoiencs,Premsa,Local/Comarcal,ERC
2022,"BIFIDUS PRODUCCIONS, SL",B63999254,Bifidus Produccions,15697.61,0.0,0.0,15697.61,0.0,0.0,0.0,0.0,0.0,0.0,0.0,0.0,15697.61,Bifidus Produccions,Productora,Local/Comarcal,ERC
2022,PUBLI DASER S.L.,B66258757,Publi Daser,14001.74,0.0,0.0,14001.74,0.0,0.0,0.0,0.0,0.0,0.0,0.0,0.0,14001.74,Publi Daser,Premsa,Local/Comarcal,ERC
2022,Motorpress Ibérica SAU,A28602389,Motorpress Ibérica (revistes),0.0,0.0,13700.0,13700.0,0.0,13700.0,0.0,0.0,0.0,0.0,0.0,0.0,0.0,Motorpress Ibérica (revistes),Premsa,Espanya,ERC
2022,DIARI CONNEXIOBCN SL,B67271304,Diari Connexiobcn,11200.0,1600.0,0.0,12800.0,1200.0,1600.0,0.0,0.0,0.0,0.0,0.0,0.0,10000.0,Diari Connexiobcn,Premsa,Local/Comarcal,ERC
2022,ASSOCIACIO CULTURAL VALORS,G63498109,Associacio Cultural Valors,12534.0,0.0,0.0,12534.0,0.0,0.0,0.0,0.0,0.0,0.0,0.0,0.0,12534.0,Associacio Cultural Valors,Associació/Entitat,Local/Comarcal,ERC
2022,Unidad Editorial Información Económica SL,B85076900,Unidad Editorial (informació econ.),0.0,0.0,12416.17,12416.17,0.0,12416.17,0.0,0.0,0.0,0.0,0.0,0.0,0.0,Unidad Editorial (informació econ.),Premsa,Espanya,ERC
2022,FUND.CONSELL DE LA INFORMACIO CAT.,V61980728,Fund.Consell De La Informacio Cat.,12000.0,0.0,0.0,12000.0,0.0,0.0,0.0,0.0,0.0,0.0,0.0,0.0,12000.0,Fund.Consell De La Informacio Cat.,Associació/Entitat,Local/Comarcal,ERC
2022,"Publicacions de l'Abadia de Montserrat, S.A.",A08176499,Publicacions de l'Abadia de Montserrat,0.0,0.0,11041.44,11041.44,0.0,11041.44,0.0,0.0,0.0,0.0,0.0,0.0,0.0,Publicacions de l'Abadia de Montserrat,Premsa,Catalunya,ERC
2022,"RaDIO ASS. DE CATALUNYA, SCCL",F08657306,Radio Ass. De Catalunya,11000.0,0.0,0.0,11000.0,0.0,0.0,0.0,0.0,0.0,0.0,0.0,0.0,11000.0,Radio Ass. De Catalunya,Associació/Entitat,Local/Comarcal,ERC
2022,Unidad Editorial Información General SL,B86150332,El Mundo / Unidad Editorial,0.0,0.0,10577.67,10577.67,0.0,10577.67,0.0,0.0,0.0,0.0,0.0,0.0,0.0,El Mundo / Unidad Editorial,Premsa,Espanya,ERC
2022,"SCIETAT PORTAL DE LLEIDA, SL",B25462854,Scietat Portal De Lleida,10000.0,560.0,0.0,10560.0,0.0,410.0,150.0,0.0,0.0,0.0,0.0,0.0,10000.0,Scietat Portal De Lleida,Premsa,Local/Comarcal,ERC
2022,A.D.C. DIRCOM,G80473259,A.D.C. Dircom,10000.0,179.3,0.0,10179.3,0.0,179.3,0.0,0.0,0.0,0.0,0.0,0.0,10000.0,A.D.C. Dircom,Premsa,Local/Comarcal,ERC
2022,VALENCIA EXTRA S.L.,B98887185,Valencia Extra,10000.0,0.0,0.0,10000.0,0.0,0.0,0.0,0.0,0.0,0.0,0.0,0.0,10000.0,Valencia Extra,Premsa,Local/Comarcal,ERC
2022,PROYECTO POLARIS COMUNICACION SL,B40591877,Proyecto Polaris Comunicacion,10000.0,0.0,0.0,10000.0,0.0,0.0,0.0,0.0,0.0,0.0,0.0,0.0,10000.0,Proyecto Polaris Comunicacion,Premsa,Local/Comarcal,ERC
2022,ASSOCIACIO WELCOME TALENT SOCIETY,G67100883,Associacio Welcome Talent Society,10000.0,0.0,0.0,10000.0,0.0,0.0,0.0,10000.0,0.0,0.0,0.0,0.0,0.0,Associacio Welcome Talent Society,Associació/Entitat,Local/Comarcal,ERC
2022,PAUTA MEDIA SL,B64869670,Pauta Media,10000.0,0.0,0.0,10000.0,0.0,0.0,0.0,0.0,0.0,0.0,0.0,0.0,10000.0,Pauta Media,Premsa,Local/Comarcal,ERC
2022,ASSOCIACIO CULTURAL LA TORRATXA,G02859882,Associacio Cultural La Torratxa,9403.2,0.0,0.0,9403.2,0.0,0.0,0.0,0.0,0.0,0.0,0.0,0.0,9403.2,Associacio Cultural La Torratxa,Associació/Entitat,Local/Comarcal,ERC
2022,FUNDACIO PRIVADA VINCLE,G64913817,Fundacio Privada Vincle,8854.8,0.0,0.0,8854.8,0.0,0.0,0.0,0.0,0.0,0.0,0.0,0.0,8854.8,Fundacio Privada Vincle,Associació/Entitat,Local/Comarcal,ERC
2022,ASSOCIACIO CULT.AMICS DE L'OM,,Associacio Cult.Amics De L'Om,8400.0,0.0,0.0,8400.0,0.0,0.0,0.0,0.0,0.0,0.0,0.0,0.0,8400.0,Associacio Cult.Amics De L'Om,Associació/Entitat,Local/Comarcal,ERC
2022,ASSOCIACIO ONA MEDITERRANIA,G57834004,Associacio Ona Mediterrania,8250.0,0.0,0.0,8250.0,0.0,0.0,0.0,0.0,0.0,0.0,0.0,0.0,8250.0,Associacio Ona Mediterrania,Associació/Entitat,Local/Comarcal,ERC
2022,Fundacio Privada Reeixida,G63307961,Fundacio Privada Reeixida,8235.55,0.0,0.0,8235.55,0.0,0.0,0.0,0.0,0.0,0.0,0.0,0.0,8235.55,Fundacio Privada Reeixida,Associació/Entitat,Local/Comarcal,ERC
2022,ASSOCIACIO CULTURAL AD HOC,G66750217,Associacio Cultural Ad Hoc,8000.0,0.0,0.0,8000.0,0.0,0.0,0.0,0.0,0.0,0.0,0.0,0.0,8000.0,Associacio Cultural Ad Hoc,Associació/Entitat,Local/Comarcal,ERC
2022,ASSO.VEINS PROP.MONT D'ORSA DE VALL,G08903346,Asso.Veins Prop.Mont D'Orsa De Vall,7980.0,0.0,0.0,7980.0,7980.0,0.0,0.0,0.0,0.0,0.0,0.0,0.0,0.0,Asso.Veins Prop.Mont D'Orsa De Vall,Premsa,Local/Comarcal,ERC
2022,"EDICIONS VALLS COMUNICACIO, S.L.",B43518232,Edicions Valls Comunicacio,7875.0,0.0,0.0,7875.0,0.0,0.0,0.0,0.0,0.0,0.0,0.0,0.0,7875.0,Edicions Valls Comunicacio,Premsa,Local/Comarcal,ERC
2022,RBA LIBROS Y PUBLICACIONES SL,B66195207,RBA Holding,1191.31,6663.46,0.0,7854.77,0.0,6663.46,0.0,0.0,0.0,0.0,0.0,0.0,1191.31,RBA Llibres,Premsa,Espanya,ERC
2022,Marca Radio SL,B85088052,Radio Marca,0.0,0.0,7204.44,7204.44,0.0,6204.48,0.0,0.0,0.0,0.0,0.0,0.0,999.96,Radio Marca,Ràdio,Espanya,ERC
2022,AUDIOVISUAL ESPAÑOLA 2000 SA,A82031329,esRadio,0.0,748.62,6372.68,7121.3,0.0,6517.68,0.0,0.0,0.0,0.0,0.0,0.0,603.62,esRadio,Ràdio,Espanya,ERC
2022,"DIARIO ABC,SL",B82824194,ABC,0.0,673.03,6374.2,7047.23,0.0,6374.2,0.0,0.0,0.0,0.0,0.0,0.0,673.03,ABC,Premsa,Espanya,ERC
2022,EDICIONS LA VEU DEL PAIS VALENCIA S,F98614076,Edicions La Veu Del Pais Valencia S,7000.0,0.0,0.0,7000.0,0.0,0.0,0.0,0.0,0.0,0.0,0.0,0.0,7000.0,Edicions La Veu Del Pais Valencia S,Premsa,Local/Comarcal,ERC
2022,"GARRAF NEWS MEDIA, SL",B64053770,Garraf News Media,7000.0,0.0,0.0,7000.0,0.0,0.0,0.0,0.0,0.0,0.0,0.0,0.0,7000.0,Garraf News Media,Premsa,Local/Comarcal,ERC
2022,FUNDACIO JOSEP IRLA,,Fundacio Josep Irla,6920.0,0.0,0.0,6920.0,0.0,0.0,0.0,0.0,0.0,0.0,0.0,0.0,6920.0,Fundacio Josep Irla,Associació/Entitat,Local/Comarcal,ERC
2022,TITANIA COMPAÑIA EDITORIAL SL,B82938572,Titania Compañia Editorial,0.0,0.0,6120.43,6120.43,0.0,6120.43,0.0,0.0,0.0,0.0,0.0,0.0,0.0,Titania Compañia Editorial,Premsa,Local/Comarcal,ERC
2022,ASS. CULT. ARGUDELL - LES ALBERES,G05487566,Ass. Cult. Argudell - Les Alberes,6000.0,0.0,0.0,6000.0,0.0,0.0,0.0,0.0,0.0,0.0,0.0,0.0,6000.0,Ass. Cult. Argudell - Les Alberes,Associació/Entitat,Local/Comarcal,ERC
2022,MON TERRASSA SL,B66810987,Mon Terrassa,6000.0,0.0,0.0,6000.0,0.0,0.0,0.0,0.0,0.0,0.0,0.0,0.0,6000.0,Mon Terrassa,Premsa,Local/Comarcal,ERC
2022,"PREMSA LOCAL EL JARDI, SCCL",F67269993,Premsa Local El Jardi,5975.0,0.0,0.0,5975.0,0.0,0.0,0.0,0.0,0.0,0.0,0.0,0.0,5975.0,Premsa Local El Jardi,Premsa,Local/Comarcal,ERC
2022,"BALAGUER AUDIOVISUALS, S.L.",B25629734,Balaguer Audiovisuals,5000.0,247.93,0.0,5247.93,0.0,247.93,0.0,0.0,0.0,0.0,0.0,0.0,5000.0,Balaguer Audiovisuals,TV,Local/Comarcal,ERC
2022,BLUE GLOBE MEDIA SL,B67007807,Blue Globe Media,5000.0,0.0,0.0,5000.0,0.0,0.0,0.0,0.0,0.0,0.0,0.0,0.0,5000.0,Blue Globe Media,Premsa,Local/Comarcal,ERC
2022,GRUPO CALAFORRA MEDIA S.L.,B98980089,Grupo Calaforra Media,5000.0,0.0,0.0,5000.0,0.0,0.0,0.0,0.0,0.0,0.0,0.0,0.0,5000.0,Grupo Calaforra Media,Premsa,Local/Comarcal,ERC
2022,ORNA COMUNICACION SL,B64508955,Orna Comunicacion,5000.0,0.0,0.0,5000.0,0.0,0.0,0.0,0.0,0.0,0.0,0.0,0.0,5000.0,Orna Comunicacion,Premsa,Local/Comarcal,ERC
2022,ASS. CATALUNYA DE MITJANS CULTURALS,G66548280,Ass. Catalunya De Mitjans Culturals,4668.0,0.0,0.0,4668.0,0.0,0.0,0.0,0.0,0.0,0.0,0.0,0.0,4668.0,Ass. Catalunya De Mitjans Culturals,Associació/Entitat,Local/Comarcal,ERC
2022,Fundacio Impulsa Talentum XXI,G01927607,Fundacio Impulsa Talentum Xxi,4500.0,0.0,0.0,4500.0,0.0,0.0,0.0,0.0,0.0,0.0,0.0,0.0,4500.0,Fundacio Impulsa Talentum Xxi,Associació/Entitat,Local/Comarcal,ERC
2022,ASS.CULTURAL PER A LA CREACIO D'EMISSOR,G43398411,Ass.Cultural Per A La Creacio D'Emissor,3993.19,260.0,0.0,4253.19,0.0,260.0,793.19,0.0,0.0,0.0,0.0,0.0,3200.0,Ass.Cultural Per A La Creacio D'Emissor,Associació/Entitat,Local/Comarcal,ERC
2022,AS. VEGANA DE CATALUNYA,G05284112,As. Vegana De Catalunya,4000.0,0.0,0.0,4000.0,0.0,0.0,0.0,0.0,0.0,0.0,0.0,0.0,4000.0,As. Vegana De Catalunya,Premsa,Local/Comarcal,ERC
2022,LA RELLA.INICIATIVES SOCIOCULTURALS,G63494009,La Rella.Iniciatives Socioculturals,3850.0,0.0,0.0,3850.0,0.0,0.0,0.0,0.0,0.0,0.0,0.0,0.0,3850.0,La Rella.Iniciatives Socioculturals,Premsa,Local/Comarcal,ERC
2022,Kiss Media SL,B83773610,Kiss Media,0.0,0.0,3542.11,3542.11,0.0,3542.11,0.0,0.0,0.0,0.0,0.0,0.0,0.0,Kiss Media,Premsa,Local/Comarcal,ERC
2022,"ALTERNATIVAS ECONOMICAS, SCCL",F65942765,Alternativas Economicas,0.0,0.0,3500.0,3500.0,0.0,3500.0,0.0,0.0,0.0,0.0,0.0,0.0,0.0,Alternativas Economicas,Premsa,Local/Comarcal,ERC
2022,ASSOCIACIO SOM DE L OEST,G25849696,Associacio Som De L Oest,3000.0,202.0,0.0,3202.0,0.0,0.0,0.0,0.0,0.0,0.0,0.0,0.0,3202.0,Associacio Som De L Oest,Associació/Entitat,Local/Comarcal,ERC
2022,ASS. AB ORIGINE DIVULG. HISTORICA,G67151183,Ass. Ab Origine Divulg. Historica,3000.0,0.0,0.0,3000.0,0.0,0.0,0.0,0.0,0.0,0.0,0.0,0.0,3000.0,Ass. Ab Origine Divulg. Historica,Associació/Entitat,Local/Comarcal,ERC
2022,ASSOCIACIO RADIO COMUNITARIA HOSTAF ASSOCIACIO RADIO COMUNITARIA HOSTAF,G67059469,Associacio Radio Comunitaria Hostaf Associacio Radio Comunitaria Hostaf,3000.0,0.0,0.0,3000.0,3000.0,0.0,0.0,0.0,0.0,0.0,0.0,0.0,0.0,Associacio Radio Comunitaria Hostaf Associacio Radio Comunitaria Hostaf,Associació/Entitat,Local/Comarcal,ERC
2022,"MANGRANA CULTURA CONTEMPORANIA, SCCL",F09679770,Mangrana Cultura Contemporania,3000.0,0.0,0.0,3000.0,0.0,0.0,0.0,0.0,0.0,0.0,0.0,0.0,3000.0,Mangrana Cultura Contemporania,Premsa,Local/Comarcal,ERC
2022,"Prisa Media, SL",A88096458,Grupo Prisa,0.0,1890.0,0.0,1890.0,0.0,1890.0,0.0,0.0,0.0,0.0,0.0,0.0,0.0,Grupo PRISA,Premsa,Espanya,ERC
2022,ASSOCIACIO BANC DEL TEMPS DE CERDAN ASSOCIACIO BANC DEL TEMPS DE CERDAN DEL VALLES,G67322370,Associacio Banc Del Temps De Cerdan Associacio Banc Del Temps De Cerdan Del Valles,1645.0,0.0,0.0,1645.0,0.0,0.0,1645.0,0.0,0.0,0.0,0.0,0.0,0.0,Associacio Banc Del Temps De Cerdan Associacio Banc Del Temps De Cerdan Del Valles,Associació/Entitat,Local/Comarcal,ERC
2022,ASSOCIACIO PER LA COMUNICACIO I LA COOPERACIO,G43606870,Associacio Per La Comunicacio I La Cooperacio,1500.0,0.0,0.0,1500.0,0.0,0.0,1500.0,0.0,0.0,0.0,0.0,0.0,0.0,Associacio Per La Comunicacio I La Cooperacio,Associació/Entitat,Local/Comarcal,ERC
2022,ESTRAC 18 S.L.,B04955738,Estrac 18,1000.0,0.0,0.0,1000.0,0.0,0.0,0.0,0.0,0.0,0.0,0.0,0.0,1000.0,Estrac 18,Premsa,Local/Comarcal,ERC
2022,"RECLAM PUBLICITARI, SL",B58561978,Reclam Publicitari,0.0,680.0,0.0,680.0,0.0,0.0,0.0,0.0,0.0,0.0,0.0,0.0,680.0,Reclam Publicitari,Altres,Local/Comarcal,ERC
2022,"ANAR FENT, SL",B63369086,Anar Fent,0.0,500.0,0.0,500.0,0.0,500.0,0.0,0.0,0.0,0.0,0.0,0.0,0.0,Anar Fent,Premsa,Local/Comarcal,ERC
2022,COL.ENGINY.CAM.CANALS I PORTS,Q2867009I,Col.Enginy.Cam.Canals I Ports,0.0,450.0,0.0,450.0,0.0,450.0,0.0,0.0,0.0,0.0,0.0,0.0,0.0,Col.Enginy.Cam.Canals I Ports,Associació/Entitat,Local/Comarcal,ERC
2023,"CORPORACIO CATALANA DE MITJANS AUDIOVISUALS, S.A.",A08849622,CCMA (Mitjans públics catalans),397132.97,196611.46,5117158.42,5710902.85,0.0,85850.5,10471.56,0.0,11985.0,0.0,0.0,0.0,5602595.79,TV3 (CCMA),TV,Catalunya,ERC
2023,"LA VANGUARDIA EDICIONES,S.L.",B61475257,Grup Godó,0.0,1167322.13,3106748.11,4274070.24,26549.24,851909.5,34181.83,217360.75,0.0,0.0,0.0,0.0,3144068.92,La Vanguardia,Premsa,Catalunya,ERC
2023,"EL PERIODICO DE CATALUNYA, SLU",B66485343,Prensa Ibérica,0.0,1278563.65,2616822.1,3895385.75,37504.8,921384.89,60008.96,210243.39,0.0,2942.31,0.0,0.0,2663301.4,El Periódico de Catalunya,Premsa,Catalunya,ERC
2023,"EDICIO DE PREMSA PERIODICA ARA, SL",B65258261,Diari ARA,32180.0,416643.36,2227256.05,2676079.41,26401.68,112443.97,30146.92,150821.91,0.0,20883.05,0.0,0.0,2335381.88,Ara,Premsa,Catalunya,ERC
2023,"RADIOCAT XXI,S.L.",B61726626,Grup Godó,22741.96,10500.0,1899947.71,1933189.67,0.0,14377.5,0.0,0.0,0.0,0.0,0.0,0.0,1918812.17,RAC1,Ràdio,Catalunya,ERC
2023,"HERMES COMUNICACIONS,S.A.",A17374547,Hermes Comunicacions (Punt Avui),0.0,495814.65,824368.98,1320183.63,9182.44,49599.39,167061.74,42760.04,140564.24,8156.42,5272.3,0.0,897587.06,El Punt Avui,Premsa,Catalunya,ERC
2023,"SOCIEDAD ESPANOLA DE RADIODIFUSION, SL",B28016970,Grupo Prisa,15000.0,264112.06,912014.79,1191126.85,0.0,55585.59,209449.31,0.0,19962.72,0.0,0.0,0.0,906129.23,Cadena SER,Ràdio,Espanya,ERC
2023,"GRUP FLAIX, SL",B61801635,Flaix (Flaixbac / Flaix FM),0.0,8328.0,1034188.53,1042516.53,0.0,20355.13,0.0,0.0,0.0,0.0,0.0,0.0,1022161.4,Flaix (Flaixbac / Flaix FM),Ràdio,Catalunya,ERC
2023,"EDICIONES DEP.CATALANAS,S.A.",A08605503,Prensa Ibérica,0.0,247110.52,668787.17,915897.69,0.0,198515.57,10715.82,24230.08,0.0,0.0,0.0,0.0,682436.22,Sport,Premsa,Catalunya,ERC
2023,CATALUNYA RÀDIO,A08846974,CCMA (Mitjans públics catalans),0.0,0.0,875326.72,875326.72,0.0,10032.0,0.0,0.0,0.0,0.0,0.0,0.0,865294.72,Catalunya Ràdio,Ràdio,Catalunya,ERC
2023,"SAPIENS, SCCL",F64074982,Sàpiens,0.0,0.0,710812.55,710812.55,0.0,0.0,0.0,0.0,0.0,0.0,0.0,0.0,710812.55,Sàpiens,Premsa,Catalunya,ERC
2023,"GODO STRATEGIES, S.L.U.",B08936643,Grup Godó,0.0,667501.67,0.0,667501.67,0.0,417449.73,240578.94,1248.0,8225.0,0.0,0.0,0.0,0.0,Godó Strategies (serveis Grup Godó),Altres,Catalunya,ERC
2023,GRUP LES NOTICIES DE CATALUNYA,B66541947,El Nacional,0.0,12400.0,651797.91,664197.91,0.0,2400.0,0.0,0.0,0.0,10000.0,0.0,0.0,651797.91,El Nacional,Internet,Catalunya,ERC
2023,"DIARI DE GIRONA, S.A.",A61135521,Prensa Ibérica,20000.0,254079.98,312112.62,586192.6,0.0,21529.8,74404.36,0.0,157235.3,0.0,0.0,0.0,333023.14,Diari de Girona,Premsa,Local/Comarcal,ERC
2023,"SERVEIS DE COMUNICACIO GLOBAL AQUITANIA,",B60955564,Nació Digital,0.0,0.0,583035.86,583035.86,0.0,0.0,0.0,0.0,0.0,0.0,0.0,0.0,583035.86,Nació Digital,Internet,Catalunya,ERC
2023,ASSOCIACIO DE MITJANS D INFORMACIO I COMUNICACIO,G61514162,AMIC (Associació de Mitjans),179319.6,19159.44,370588.82,569067.86,0.0,4450.0,6444.98,0.0,16750.0,8264.46,0.0,0.0,533158.42,AMIC (Associació de Mitjans),Associació/Entitat,Catalunya,ERC
2023,"DIARI SEGRE, S.L.U.",B25275926,Segre,10610.72,231082.41,306187.1,547880.23,0.0,20020.05,157481.2,453.64,0.0,37037.68,0.0,0.0,332887.66,Segre,Premsa,Local/Comarcal,ERC
2023,UNIPREX SA,A28782936,Onda Cero / Europa FM,0.0,300.0,535638.23,535938.23,0.0,944.9,300.0,0.0,0.0,0.0,0.0,0.0,534693.33,Onda Cero / Europa FM,Ràdio,Espanya,ERC
2023,PROMOTORA MEDITERRANEA DE INFORMACI,A43056787,El Temps,0.0,110723.89,376004.73,486728.62,0.0,51497.1,32925.12,289.26,0.0,0.0,12140.38,0.0,389876.76,El Temps,Premsa,Comunitat Valenciana,ERC
2023,ASSOC.PUBLICACIONS PERIODIQUES EN CATALA DABAST NACIONAL DE BARCELONA,G58366675,APPEC (Associació editors premsa),58435.78,413962.12,0.0,472397.9,3000.0,230.54,0.0,20732.6,69890.81,0.0,0.0,0.0,378543.95,APPEC (Associació editors premsa),Associació/Entitat,Catalunya,ERC
2023,80 MES 4 PUBLICACIONS SL,B65672495,Premsa comarcal (80 Mes 4 Publicacions),0.0,39289.0,420152.61,459441.61,0.0,29399.0,9890.0,0.0,0.0,0.0,0.0,0.0,420152.61,Premsa comarcal (80 Mes 4 Publicacions),Premsa,Local/Comarcal,ERC
2023,"Agència EFE, S.A.U.  S.M.E.",A28028744,Agència EFE,0.0,435796.89,0.0,435796.89,69652.0,12984.24,22689.6,33520.79,0.0,0.0,0.0,0.0,296950.26,Agència EFE,Agència de notícies,Espanya,ERC
2023,"EUROPA PRESS CATALUNYA,S.A.",A08536922,Europa Press,0.0,434318.51,0.0,434318.51,30985.59,21229.11,16309.0,38036.04,0.0,0.0,0.0,0.0,327758.77,Europa Press Catalunya,Agència de notícies,Catalunya,ERC
2023,"EL MUNDO DEPORTIVO, SA",A59114082,Grup Godó,0.0,51904.93,335191.0,387095.93,1253.85,22078.89,5090.08,39514.88,0.0,0.0,0.0,0.0,319158.23,Mundo Deportivo,Premsa,Espanya,ERC
2023,"20 MINUTOS EDITORA, SL",B99083966,20 Minutos,0.0,0.0,379571.62,379571.62,0.0,0.0,0.0,0.0,0.0,0.0,0.0,0.0,379571.62,20 Minutos,Premsa,Espanya,ERC
2023,"EDICIONS INTERCOMARCALS,S.A.",A08539165,Regió 7,0.0,74395.28,273816.92,348212.2,0.0,17465.13,4572.97,35571.19,0.0,514.69,0.0,0.0,290088.22,Regió 7,Premsa,Local/Comarcal,ERC
2023,"EMISSIONS DIGITALS DE CATALUNYA, SA",A63200828,8TV,0.0,0.0,332489.88,332489.88,0.0,0.0,0.0,0.0,0.0,0.0,0.0,0.0,332489.88,8TV,TV,Catalunya,ERC
2023,"EDICIONES EL PAIS, S.L.",B85635910,Grupo Prisa,0.0,119271.57,179425.5,298697.07,20009.54,11041.24,7860.87,63055.86,0.0,0.0,0.0,0.0,196729.56,El País,Premsa,Espanya,ERC
2023,PREMSA D OSONA (EL 9 NOU),A08447369,El 9 Nou,5693.4,81445.8,198401.67,285540.87,0.0,11696.61,57620.74,5508.25,0.0,0.0,0.0,0.0,210715.27,El 9 Nou,Premsa,Local/Comarcal,ERC
2023,Ediciones Condé Nast SA,A28122076,"Condé Nast (Vogue, GQ...)",0.0,0.0,264801.5,264801.5,0.0,0.0,0.0,0.0,0.0,0.0,0.0,0.0,264801.5,"Condé Nast (Vogue, GQ...)",Premsa,Espanya,ERC
2023,"Diario de Prensa Digital, S.L.",B86509254,Premsa digital (Diario de Prensa Digital),0.0,461.52,253987.65,254449.17,0.0,76.92,0.0,0.0,0.0,0.0,0.0,0.0,254372.25,Premsa digital (Diario de Prensa Digital),Internet,Espanya,ERC
2023,AS. PROM. DONES CINEASTES I DE MITJ,G67007005,As. Prom. Dones Cineastes I De Mitj,230066.66,5730.0,0.0,235796.66,66500.0,4830.0,0.0,13101.36,0.0,0.0,0.0,0.0,151365.3,As. Prom. Dones Cineastes I De Mitj,Premsa,Local/Comarcal,ERC
2023,EDICIONS DIARI DE TERRASSA S.L.,B02851848,Diari de Terrassa,0.0,34694.71,188939.09,223633.8,0.0,10977.1,13413.6,4132.23,0.0,0.0,0.0,0.0,195110.87,Diari de Terrassa,Premsa,Local/Comarcal,ERC
2023,"RADIO POPULAR,S.A.",A28281368,Cadena COPE,0.0,17651.0,174340.78,191991.78,0.0,1400.0,16251.0,0.0,0.0,0.0,0.0,0.0,174340.78,Cadena COPE,Ràdio,Espanya,ERC
2023,FUNDACIO FRANCESC EIXIMENIS,G46648655,Fundació Francesc Eiximenis,168894.48,7350.0,0.0,176244.48,0.0,6050.0,1300.0,42894.48,18000.0,28000.0,0.0,0.0,80000.0,Fundació Francesc Eiximenis,Associació/Entitat,Catalunya,ERC
2023,HEARST ESPAÑA SL,B81230764,Hearst España (revistes),0.0,0.0,173465.2,173465.2,0.0,0.0,0.0,0.0,0.0,0.0,0.0,0.0,173465.2,Hearst España (revistes),Premsa,Espanya,ERC
2023,Promotora de Informaciones SA (PRISA),A28297059,Grupo Prisa,0.0,0.0,154059.75,154059.75,0.0,0.0,0.0,0.0,0.0,0.0,0.0,0.0,154059.75,Grupo PRISA,Premsa,Espanya,ERC
2023,"GRUP ENDERROCK EDICIONS, S.L.",B64863335,Enderrock,103713.34,46768.55,0.0,150481.89,6000.0,21315.7,30000.0,10502.85,20000.0,0.0,0.0,0.0,62663.34,Enderrock,Premsa,Catalunya,ERC
2023,FUNDACIO BLANQUERNA,R5800622B,Fundació Blanquerna (URL),25816.2,118072.5,0.0,143888.7,19800.0,67312.5,14960.0,12300.0,0.0,0.0,0.0,0.0,29516.2,Fundació Blanquerna (URL),Associació/Entitat,Catalunya,ERC
2023,"RBA Revistas, SL",B64610389,RBA Holding,0.0,129864.31,4800.0,134664.31,0.0,0.0,132.88,129731.43,0.0,0.0,0.0,0.0,4800.0,RBA Revistas,Premsa,Espanya,ERC
2023,NOVAPRESS EDICIONS SL,B67186866,Premsa/digital local (Novapress),0.0,118929.38,0.0,118929.38,0.0,4109.34,108314.64,1966.94,0.0,0.0,0.0,0.0,4538.46,Premsa/digital local (Novapress),Internet,Local/Comarcal,ERC
2023,"EDICIONS DEL PAIS VALENCIA, S.A.",A46186821,Premsa Comunitat Valenciana (Edicions),0.0,114556.52,0.0,114556.52,0.0,10753.92,1337.77,9826.23,0.0,14418.27,2927.88,0.0,75292.45,Premsa Comunitat Valenciana (Edicions),Premsa,Comunitat Valenciana,ERC
2023,"EDICIONS SALORIA,S.L.",B25503566,Edicions Saloria,51838.31,50713.65,0.0,102551.96,0.0,37898.94,1404.71,0.0,3023.32,12340.0,0.0,0.0,47884.99,Edicions Saloria,Premsa,Local/Comarcal,ERC
2023,"RADIO TELE TAXI, SA",A08911745,Radio Tele Taxi,0.0,0.0,100104.88,100104.88,0.0,2045.27,0.0,0.0,0.0,0.0,0.0,0.0,98059.61,Radio Tele Taxi,Ràdio,Local/Comarcal,ERC
2023,Atresmedia Corporación de Medios de Comunicación SA,A86436195,Antena 3 (Atresmedia),0.0,0.0,100036.35,100036.35,0.0,0.0,0.0,0.0,0.0,0.0,0.0,0.0,100036.35,Antena 3 (Atresmedia),TV,Espanya,ERC
2023,"PARTAL, MARESMA & ASSOCIATS,S.L.",B61017810,VilaWeb,0.0,4414.62,90366.08,94780.7,0.0,1552.12,2097.12,0.0,0.0,0.0,0.0,0.0,91131.46,VilaWeb,Internet,Catalunya,ERC
2023,EDICIONS DIGIT. DE PREMSA LOCAL SL,B09844770,Nació Digital,0.0,92963.54,0.0,92963.54,0.0,28945.0,17052.94,0.0,0.0,46908.0,0.0,0.0,57.6,Premsa local digital (grup),Internet,Local/Comarcal,ERC
2023,L?INSTITUT DE RECURSOS I INVESTIGACIO PE,B58583568,L?Institut De Recursos I Investigacio Pe,9749.25,79716.8,0.0,89466.05,0.0,29561.54,1035.62,11974.15,0.0,0.0,0.0,0.0,46894.74,L?Institut De Recursos I Investigacio Pe,Associació/Entitat,Local/Comarcal,ERC
2023,CULTURA 21 SCCL,F65947814,Cultura 21,0.0,0.0,87842.49,87842.49,0.0,0.0,0.0,0.0,0.0,0.0,0.0,0.0,87842.49,Cultura 21,Associació/Entitat,Catalunya,ERC
2023,"MEDIASET ESPAÑA COMUNICACIÓN, S.A.",A79075438,Telecinco / Cuatro (Mediaset),0.0,0.0,85886.15,85886.15,0.0,0.0,0.0,0.0,0.0,0.0,0.0,0.0,85886.15,Telecinco / Cuatro (Mediaset),TV,Espanya,ERC
2023,QUELCOM GLOBAL SL,B67273219,Quelcom Global,25410.51,46426.19,0.0,71836.7,0.0,17000.0,2300.0,545.43,8000.0,0.0,0.0,0.0,43991.27,Quelcom Global,Altres,Catalunya,ERC
2023,ASSOC.FORA DE QUADRE ASSOCIACIO FORA DE QUADRE,G63071518,Assoc.Fora De Quadre Associacio Fora De Quadre,70453.64,0.0,0.0,70453.64,49337.24,0.0,13886.42,1949.98,0.0,0.0,0.0,0.0,5280.0,Assoc.Fora De Quadre Associacio Fora De Quadre,Associació/Entitat,Local/Comarcal,ERC
2023,"EDITORIAL L'EMPORDA,S.L.U.",B17091711,El Empordà,0.0,68248.03,0.0,68248.03,0.0,2818.0,58579.88,0.0,5785.15,0.0,0.0,0.0,1065.0,El Empordà,Premsa,Local/Comarcal,ERC
2023,La Mañana Diari de Ponent SA,A25004474,La Mañana (Lleida),0.0,0.0,67723.91,67723.91,0.0,0.0,0.0,0.0,0.0,0.0,0.0,0.0,67723.91,La Mañana (Lleida),Premsa,Local/Comarcal,ERC
2023,ASSOCIACIO ESPAI LINIA,G04980595,Associació Espai Línia,67145.82,0.0,0.0,67145.82,0.0,0.0,0.0,0.0,0.0,0.0,0.0,0.0,67145.82,Associació Espai Línia,Associació/Entitat,Catalunya,ERC
2023,"COMUNICACIO VINARIA, S.L.",B65331704,Comunicació Vinaròs,27706.38,36615.0,0.0,64321.38,0.0,3000.0,61321.38,0.0,0.0,0.0,0.0,0.0,0.0,Comunicació Vinaròs,Premsa,Comunitat Valenciana,ERC
2023,CRONICA GLOBAL MEDIA SL,B66566415,Prensa Ibérica,0.0,214.46,58127.51,58341.97,0.0,75.0,0.0,64.46,0.0,0.0,0.0,0.0,58202.51,Crónica Global,Internet,Catalunya,ERC
2023,"L'AVENC,S.L.",B08503583,L'Avenç,29093.06,25229.24,0.0,54322.3,13555.38,9224.16,130.64,5942.14,0.0,0.0,0.0,0.0,25469.98,L'Avenç,Premsa,Catalunya,ERC
2023,Motorpress Ibérica SAU,A28602389,Motorpress Ibérica (revistes),0.0,0.0,52890.23,52890.23,0.0,0.0,0.0,0.0,0.0,0.0,0.0,0.0,52890.23,Motorpress Ibérica (revistes),Premsa,Espanya,ERC
2023,LABORATORI LIVE MEDIA,G64210768,Laboratori Live Media,51132.2,0.0,0.0,51132.2,0.0,0.0,0.0,0.0,0.0,0.0,0.0,0.0,51132.2,Laboratori Live Media,Premsa,Local/Comarcal,ERC
2023,"TAMEDIAXA, SA",A43926682,Tamediaxa,10610.72,39108.44,0.0,49719.16,0.0,12230.14,15878.3,0.0,0.0,0.0,11000.0,0.0,10610.72,Tamediaxa,Premsa,Local/Comarcal,ERC
2023,Informació i Comunicació de Barcelona SA SPM,A60783686,Barcelona TV (ICB),0.0,0.0,49101.64,49101.64,0.0,0.0,0.0,0.0,0.0,0.0,0.0,0.0,49101.64,Barcelona TV (ICB),TV,Local/Comarcal,ERC
2023,ASSOCIACIO XARXA DIGITAL CATALANA,G63274534,Associacio Xarxa Digital Catalana,11027.2,37075.0,0.0,48102.2,1500.0,600.0,0.0,0.0,0.0,5500.0,0.0,0.0,40502.2,Associacio Xarxa Digital Catalana,Associació/Entitat,Local/Comarcal,ERC
2023,"Plandora, SCP",J25745654,Plandora,7073.82,36922.09,0.0,43995.91,0.0,3636.37,16031.72,0.0,0.0,11254.0,0.0,0.0,13073.82,Plandora,Premsa,Local/Comarcal,ERC
2023,Fundacio Impulsa Talentum XXI,G01927607,Fundacio Impulsa Talentum Xxi,43888.92,0.0,0.0,43888.92,0.0,0.0,0.0,15000.0,0.0,0.0,0.0,0.0,28888.92,Fundacio Impulsa Talentum Xxi,Associació/Entitat,Local/Comarcal,ERC
2023,FUNDACIO PERIODISME PLURAL,G65978348,Fundació Periodisme Plural,25000.0,16533.17,0.0,41533.17,38284.0,2750.0,0.0,99.17,0.0,0.0,0.0,0.0,400.0,Fundació Periodisme Plural,Associació/Entitat,Catalunya,ERC
2023,PROMICSA SA,A43030302,Diari de Tarragona (Grup),0.0,0.0,36887.28,36887.28,0.0,0.0,0.0,0.0,0.0,0.0,0.0,0.0,36887.28,Diari de Tarragona (Grup),Premsa,Local/Comarcal,ERC
2023,Associacio de l'observatori de les dones en els mitjans de comunicacio,G65059743,Associacio De L'Observatori De Les Dones En Els Mitjans De Comunicacio,36752.07,0.0,0.0,36752.07,0.0,0.0,0.0,20000.0,0.0,0.0,0.0,0.0,16752.07,Associacio De L'Observatori De Les Dones En Els Mitjans De Comunicacio,Associació/Entitat,Local/Comarcal,ERC
2023,"Associació de Publicacions periòdiques en català, APPEC",G58335158,APPEC (Associació editors premsa),0.0,0.0,36398.07,36398.07,0.0,0.0,0.0,0.0,0.0,0.0,0.0,0.0,36398.07,APPEC (Associació editors premsa),Associació/Entitat,Catalunya,ERC
2023,Fem Produccions S.L.,B66084377,Fem Produccions,3952.26,32218.0,0.0,36170.26,0.0,19695.0,0.0,0.0,0.0,0.0,0.0,0.0,16475.26,Fem Produccions,Productora,Local/Comarcal,ERC
2023,"DIARIO ABC,SL",B82824194,ABC,0.0,7364.81,28475.0,35839.81,5384.24,695.37,0.0,578.47,0.0,0.0,0.0,0.0,29181.73,ABC,Premsa,Espanya,ERC
2023,"XARXA AUDIOVISUAL LOCAL, SL",B65908337,Xarxa Audiovisual Local,0.0,35409.15,0.0,35409.15,0.0,26414.86,8994.29,0.0,0.0,0.0,0.0,0.0,0.0,Xarxa Audiovisual Local,TV,Local/Comarcal,ERC
2023,Totmedia Comunicació SL,B58364936,Totmedia Comunicació (Grup Hermes),7073.81,28275.0,0.0,35348.81,0.0,4905.0,23370.0,0.0,0.0,0.0,0.0,0.0,7073.81,Totmedia Comunicació (Grup Hermes),Premsa,Catalunya,ERC
2023,ASSOCIACIO CULTURAL LA TORRATXA,G02859882,Associacio Cultural La Torratxa,34342.8,0.0,0.0,34342.8,0.0,0.0,0.0,0.0,0.0,20000.0,0.0,0.0,14342.8,Associacio Cultural La Torratxa,Associació/Entitat,Local/Comarcal,ERC
2023,GRUP DE PERIODISTES RAMON BARN,G62896196,Grup De Periodistes Ramon Barn,28500.0,5221.95,0.0,33721.95,18540.0,5221.95,0.0,0.0,0.0,3000.0,0.0,0.0,6960.0,Grup De Periodistes Ramon Barn,Premsa,Local/Comarcal,ERC
2023,ASSOCIACIO CATOSFERA,G67190405,Associacio Catosfera,31631.8,0.0,0.0,31631.8,0.0,0.0,14693.0,0.0,5000.0,0.0,0.0,0.0,11938.8,Associacio Catosfera,Associació/Entitat,Local/Comarcal,ERC
2023,CRITIC SCCL,F66334806,Crític,5500.0,25398.48,0.0,30898.48,807.69,14785.56,500.0,579.31,0.0,0.0,0.0,0.0,14225.92,Crític,Internet,Catalunya,ERC
2023,"TIRABOL PRODUCCIONS, S.L.",B64166705,Racó Català,13292.47,16550.0,0.0,29842.47,0.0,0.0,1800.0,0.0,0.0,0.0,0.0,0.0,28042.47,Racó Català,Internet,Catalunya,ERC
2023,"INFOM KIT LPS, S.L.",B65946162,Infom Kit Lps,0.0,29561.21,0.0,29561.21,0.0,17472.0,0.0,335.21,0.0,0.0,0.0,0.0,11754.0,Infom Kit Lps,Premsa,Local/Comarcal,ERC
2023,EDICIONS DEL NUVOL,B66917048,Núvol,6509.6,20423.61,0.0,26933.21,2860.0,12561.57,2540.0,2462.04,0.0,0.0,0.0,0.0,6509.6,Núvol,Internet,Catalunya,ERC
2023,Unidad Editorial Información General SL,B86150332,El Mundo / Unidad Editorial,0.0,0.0,26653.7,26653.7,0.0,0.0,0.0,0.0,0.0,0.0,0.0,0.0,26653.7,El Mundo / Unidad Editorial,Premsa,Espanya,ERC
2023,AS. VEGANA DE CATALUNYA,G05284112,As. Vegana De Catalunya,24000.0,0.0,0.0,24000.0,0.0,0.0,17000.0,7000.0,0.0,0.0,0.0,0.0,0.0,As. Vegana De Catalunya,Premsa,Local/Comarcal,ERC
2023,BLUE GLOBE MEDIA SL,B67007807,Blue Globe Media,0.0,23212.0,0.0,23212.0,0.0,0.0,0.0,0.0,0.0,0.0,0.0,0.0,23212.0,Blue Globe Media,Premsa,Local/Comarcal,ERC
2023,Prensa Ibérica 360 SL,B57447849,Prensa Ibérica,0.0,22500.0,0.0,22500.0,0.0,22500.0,0.0,0.0,0.0,0.0,0.0,0.0,0.0,Prensa Ibérica (digital),Internet,Espanya,ERC
2023,TITANIA COMPAÑIA EDITORIAL SL,B82938572,Titania Compañia Editorial,0.0,1362.16,20594.31,21956.47,0.0,446.3,0.0,73.55,0.0,0.0,0.0,0.0,21436.62,Titania Compañia Editorial,Premsa,Local/Comarcal,ERC
2023,Unidad Editorial Información Económica SL,B85076900,Unidad Editorial (informació econ.),0.0,0.0,21885.25,21885.25,0.0,0.0,0.0,0.0,0.0,0.0,0.0,0.0,21885.25,Unidad Editorial (informació econ.),Premsa,Espanya,ERC
2023,"LIMICOLA, SL",B43808294,Limícola,0.0,21674.48,0.0,21674.48,0.0,10180.0,9824.48,0.0,0.0,0.0,0.0,0.0,1670.0,Limícola,Altres,Local/Comarcal,ERC
2023,Marca Radio SL,B85088052,Radio Marca,0.0,0.0,20113.26,20113.26,0.0,0.0,0.0,0.0,0.0,0.0,0.0,0.0,20113.26,Radio Marca,Ràdio,Espanya,ERC
2023,ASSOC. CATALANA DE MITJANS LOCALS,G64172505,Assoc. Catalana De Mitjans Locals,5000.0,14964.0,0.0,19964.0,19964.0,0.0,0.0,0.0,0.0,0.0,0.0,0.0,0.0,Assoc. Catalana De Mitjans Locals,Associació/Entitat,Local/Comarcal,ERC
2023,CATMEDIA GLOBAL SL,B55053482,Directe.cat,11931.41,8000.0,0.0,19931.41,0.0,0.0,8000.0,0.0,0.0,0.0,0.0,0.0,11931.41,Directe.cat,Internet,Catalunya,ERC
2023,EDITORIAL ECOPRENSA SA,A84289230,Editorial Ecoprensa,0.0,3756.71,14964.43,18721.14,0.0,173.06,3200.0,0.0,0.0,0.0,0.0,0.0,15348.08,Editorial Ecoprensa,Premsa,Local/Comarcal,ERC
2023,"ALTERNATIVAS ECONOMICAS, SCCL",F65942765,Alternativas Economicas,0.0,0.0,18360.0,18360.0,0.0,0.0,0.0,0.0,0.0,0.0,0.0,0.0,18360.0,Alternativas Economicas,Premsa,Local/Comarcal,ERC
2023,ASSOCIACIO ESCOLA DE RADIO I PERIODISME DIGITAL DE L EMPORDA,G55372239,Associacio Escola De Radio I Periodisme Digital De L Emporda,4194.37,12800.0,0.0,16994.37,0.0,0.0,12800.0,0.0,0.0,0.0,0.0,0.0,4194.37,Associacio Escola De Radio I Periodisme Digital De L Emporda,Associació/Entitat,Local/Comarcal,ERC
2023,ASS.CULTURAL L'INDEPENDENT DE GRACI,G66245986,Ass.Cultural L'Independent De Graci,7149.39,9620.0,0.0,16769.39,15220.0,0.0,0.0,0.0,0.0,0.0,0.0,0.0,1549.39,Ass.Cultural L'Independent De Graci,Associació/Entitat,Local/Comarcal,ERC
2023,ASSOCIACIO CULTURAL REVISTA ALELLA,G59119594,Associacio Cultural Revista Alella,11000.0,4639.09,0.0,15639.09,0.0,2980.0,12659.09,0.0,0.0,0.0,0.0,0.0,0.0,Associacio Cultural Revista Alella,Associació/Entitat,Local/Comarcal,ERC
2023,Comunicacions Premsa SA,A60804930,Comunicacions Premsa,0.0,0.0,15525.0,15525.0,0.0,0.0,0.0,0.0,0.0,0.0,0.0,0.0,15525.0,Comunicacions Premsa,Premsa,Local/Comarcal,ERC
2023,TOT CERDANYOLA SL,B60651874,Tot Cerdanyola,0.0,14999.99,0.0,14999.99,0.0,0.0,14999.99,0.0,0.0,0.0,0.0,0.0,0.0,Tot Cerdanyola,Premsa,Local/Comarcal,ERC
2023,AUDIOVISUAL ESPAÑOLA 2000 SA,A82031329,esRadio,0.0,6143.57,8300.0,14443.57,3669.79,639.84,0.0,536.79,0.0,0.0,0.0,0.0,9597.15,esRadio,Ràdio,Espanya,ERC
2023,"BIFIDUS PRODUCCIONS, SL",B63999254,Bifidus Produccions,0.0,13850.0,0.0,13850.0,950.0,0.0,8900.0,0.0,0.0,0.0,0.0,0.0,4000.0,Bifidus Produccions,Productora,Local/Comarcal,ERC
2023,INFORMACIO DE COMARQUES SL,B25754078,Informacio De Comarques,0.0,13575.04,0.0,13575.04,0.0,0.0,13575.04,0.0,0.0,0.0,0.0,0.0,0.0,Informacio De Comarques,Premsa,Local/Comarcal,ERC
2023,Catalunya Ràdio SRG,A08775487,CCMA (Mitjans públics catalans),0.0,0.0,12377.38,12377.38,0.0,0.0,0.0,0.0,0.0,0.0,0.0,0.0,12377.38,Catalunya Ràdio,Ràdio,Catalunya,ERC
2023,ASSO.VEINS PROP.MONT D'ORSA DE VALL,G08903346,Asso.Veins Prop.Mont D'Orsa De Vall,11200.0,0.0,0.0,11200.0,9700.0,0.0,0.0,1500.0,0.0,0.0,0.0,0.0,0.0,Asso.Veins Prop.Mont D'Orsa De Vall,Premsa,Local/Comarcal,ERC
2023,"Prisa Media, SL",A88096458,Grupo Prisa,0.0,10696.0,0.0,10696.0,0.0,10696.0,0.0,0.0,0.0,0.0,0.0,0.0,0.0,Grupo PRISA,Premsa,Espanya,ERC
2023,COL.LEGI PROF.AUDIOVISUAL DE CAT.,G63324727,Col.Legi Prof.Audiovisual De Cat.,10000.0,0.0,0.0,10000.0,0.0,0.0,0.0,0.0,0.0,0.0,0.0,0.0,10000.0,Col.Legi Prof.Audiovisual De Cat.,Associació/Entitat,Local/Comarcal,ERC
2023,"MANGRANA CULTURA CONTEMPORANIA, SCCL",F09679770,Mangrana Cultura Contemporania,2558.0,7032.81,0.0,9590.81,0.0,130.0,6000.0,502.81,0.0,2558.0,0.0,0.0,400.0,Mangrana Cultura Contemporania,Premsa,Local/Comarcal,ERC
2023,RBA LIBROS Y PUBLICACIONES SL,B66195207,RBA Holding,0.0,8653.02,0.0,8653.02,0.0,8619.24,0.0,33.78,0.0,0.0,0.0,0.0,0.0,RBA Llibres,Premsa,Espanya,ERC
2023,PAUTA MEDIA SL,B64869670,Pauta Media,1803.47,6750.0,0.0,8553.47,0.0,6750.0,0.0,0.0,0.0,0.0,0.0,0.0,1803.47,Pauta Media,Premsa,Local/Comarcal,ERC
2023,"Publicacions de l'Abadia de Montserrat, S.A.",A08176499,Publicacions de l'Abadia de Montserrat,0.0,0.0,7959.14,7959.14,0.0,0.0,0.0,0.0,0.0,0.0,0.0,0.0,7959.14,Publicacions de l'Abadia de Montserrat,Premsa,Catalunya,ERC
2023,"RECLAM PUBLICITARI, SL",B58561978,Reclam Publicitari,5036.85,1938.0,0.0,6974.85,0.0,0.0,5286.85,0.0,0.0,0.0,0.0,0.0,1688.0,Reclam Publicitari,Altres,Local/Comarcal,ERC
2023,ASSOC. CULTURAL GARRIGUENCA DE COMUNICACIONS,G25452335,Assoc. Cultural Garriguenca De Comunicacions,2500.0,4384.36,0.0,6884.36,0.0,1143.8,18.06,0.0,0.0,5660.0,0.0,0.0,62.5,Assoc. Cultural Garriguenca De Comunicacions,Associació/Entitat,Local/Comarcal,ERC
2023,ASS.PROMOC.MITJANS COMUN.LOCAL DTE,G60493467,Ass.Promoc.Mitjans Comun.Local Dte,0.0,6611.57,0.0,6611.57,6611.57,0.0,0.0,0.0,0.0,0.0,0.0,0.0,0.0,Ass.Promoc.Mitjans Comun.Local Dte,Associació/Entitat,Local/Comarcal,ERC
2023,Kiss Media SL,B83773610,Kiss Media,0.0,0.0,6430.08,6430.08,0.0,0.0,0.0,0.0,0.0,0.0,0.0,0.0,6430.08,Kiss Media,Premsa,Local/Comarcal,ERC
2023,COL.ENGINY.CAM.CANALS I PORTS,Q2867009I,Col.Enginy.Cam.Canals I Ports,0.0,5563.7,0.0,5563.7,0.0,1072.23,0.0,14.55,0.0,0.0,0.0,0.0,4476.92,Col.Enginy.Cam.Canals I Ports,Associació/Entitat,Local/Comarcal,ERC
2023,AIMC,G78982733,AIMC,0.0,5217.0,0.0,5217.0,0.0,5217.0,0.0,0.0,0.0,0.0,0.0,0.0,0.0,AIMC,Associació/Entitat,Espanya,ERC
2023,ASSOCIACIO CULTURAL VALORS,G63498109,Associacio Cultural Valors,0.0,5005.64,0.0,5005.64,0.0,0.0,0.0,721.98,0.0,0.0,0.0,0.0,4283.66,Associacio Cultural Valors,Associació/Entitat,Local/Comarcal,ERC
2023,SINDICAT DE PERIODISTES DE CATALUNY,G60369931,Sindicat De Periodistes De Cataluny,4732.6,0.0,0.0,4732.6,2000.0,0.0,0.0,2732.6,0.0,0.0,0.0,0.0,0.0,Sindicat De Periodistes De Cataluny,Associació/Entitat,Local/Comarcal,ERC
2023,MON TERRASSA SL,B66810987,Mon Terrassa,0.0,4132.23,0.0,4132.23,0.0,4132.23,0.0,0.0,0.0,0.0,0.0,0.0,0.0,Mon Terrassa,Premsa,Local/Comarcal,ERC
2023,"GARRAF NEWS MEDIA, SL",B64053770,Garraf News Media,0.0,3923.85,0.0,3923.85,0.0,3293.85,630.0,0.0,0.0,0.0,0.0,0.0,0.0,Garraf News Media,Premsa,Local/Comarcal,ERC
2023,ASSOCIACIO RADIO COMUNITARIA HOSTAF ASSOCIACIO RADIO COMUNITARIA HOSTAF,G67059469,Associacio Radio Comunitaria Hostaf Associacio Radio Comunitaria Hostaf,3600.0,0.0,0.0,3600.0,3600.0,0.0,0.0,0.0,0.0,0.0,0.0,0.0,0.0,Associacio Radio Comunitaria Hostaf Associacio Radio Comunitaria Hostaf,Associació/Entitat,Local/Comarcal,ERC
2023,"PUBLICACIONS ANOIA, S.L.",B08818189,Publicacions Anoia,2000.0,1211.37,0.0,3211.37,0.0,300.0,2390.0,77.36,0.0,0.0,0.0,0.0,444.01,Publicacions Anoia,Premsa,Local/Comarcal,ERC
2023,"CAXIER EDICIONS, S.L.",B66411828,Caxier Edicions,0.0,3018.03,0.0,3018.03,0.0,137.6,612.56,2008.26,0.0,129.8,0.0,0.0,129.81,Caxier Edicions,Premsa,Local/Comarcal,ERC
2023,"ANAR FENT, SL",B63369086,Anar Fent,0.0,3000.0,0.0,3000.0,0.0,3000.0,0.0,0.0,0.0,0.0,0.0,0.0,0.0,Anar Fent,Premsa,Local/Comarcal,ERC
2023,DIARI CONNEXIOBCN SL,B67271304,Diari Connexiobcn,0.0,2400.0,0.0,2400.0,0.0,2400.0,0.0,0.0,0.0,0.0,0.0,0.0,0.0,Diari Connexiobcn,Premsa,Local/Comarcal,ERC
2023,ASSOCIACIO PER LA COMUNICACIO I LA COOPERACIO,G43606870,Associacio Per La Comunicacio I La Cooperacio,2000.0,390.0,0.0,2390.0,0.0,0.0,2390.0,0.0,0.0,0.0,0.0,0.0,0.0,Associacio Per La Comunicacio I La Cooperacio,Associació/Entitat,Local/Comarcal,ERC
2023,EDITORA SINGULAR DIGITAL 2GR SL,B64337462,El Singular Digital,0.0,2222.0,0.0,2222.0,0.0,2222.0,0.0,0.0,0.0,0.0,0.0,0.0,0.0,El Singular Digital,Internet,Catalunya,ERC
2023,ASSOCIACIO BANC DEL TEMPS DE CERDAN ASSOCIACIO BANC DEL TEMPS DE CERDAN DEL VALLES,G67322370,Associacio Banc Del Temps De Cerdan Associacio Banc Del Temps De Cerdan Del Valles,2027.0,0.0,0.0,2027.0,0.0,0.0,2027.0,0.0,0.0,0.0,0.0,0.0,0.0,Associacio Banc Del Temps De Cerdan Associacio Banc Del Temps De Cerdan Del Valles,Associació/Entitat,Local/Comarcal,ERC
2023,"EL VALLENC, S.L.",B43121144,El Vallenc,0.0,1899.76,0.0,1899.76,0.0,0.0,1075.15,0.0,0.0,0.0,0.0,0.0,824.61,El Vallenc,Premsa,Local/Comarcal,ERC
2023,"CAPGROS COMUNICACIO, S.L.",B65078545,Capgròs (Empordà),0.0,1788.0,0.0,1788.0,0.0,1788.0,0.0,0.0,0.0,0.0,0.0,0.0,0.0,Capgròs (Empordà),Internet,Local/Comarcal,ERC
2023,Associacio de Cultura Popular i Tra,G05474028,Associacio De Cultura Popular I Tra,1782.0,0.0,0.0,1782.0,0.0,0.0,0.0,0.0,0.0,0.0,0.0,0.0,1782.0,Associacio De Cultura Popular I Tra,Associació/Entitat,Local/Comarcal,ERC
2023,ASSOCIACIO SOM DE L OEST,G25849696,Associacio Som De L Oest,0.0,1194.0,0.0,1194.0,0.0,1194.0,0.0,0.0,0.0,0.0,0.0,0.0,0.0,Associacio Som De L Oest,Associació/Entitat,Local/Comarcal,ERC
2023,"SCIETAT PORTAL DE LLEIDA, SL",B25462854,Scietat Portal De Lleida,0.0,1165.0,0.0,1165.0,0.0,670.0,495.0,0.0,0.0,0.0,0.0,0.0,0.0,Scietat Portal De Lleida,Premsa,Local/Comarcal,ERC
2023,PUBLI DASER S.L.,B66258757,Publi Daser,0.0,1149.63,0.0,1149.63,0.0,0.0,963.98,185.65,0.0,0.0,0.0,0.0,0.0,Publi Daser,Premsa,Local/Comarcal,ERC
2023,A.D.C. DIRCOM,G80473259,A.D.C. Dircom,0.0,1080.0,0.0,1080.0,0.0,1080.0,0.0,0.0,0.0,0.0,0.0,0.0,0.0,A.D.C. Dircom,Premsa,Local/Comarcal,ERC
2023,METROPOLI ABIERTA SL,B66400029,Metropoli Abierta,0.0,1000.0,0.0,1000.0,0.0,0.0,1000.0,0.0,0.0,0.0,0.0,0.0,0.0,Metropoli Abierta,Premsa,Local/Comarcal,ERC
2023,Fundacio Privada Reeixida,G63307961,Fundacio Privada Reeixida,959.76,0.0,0.0,959.76,0.0,0.0,0.0,0.0,0.0,0.0,0.0,0.0,959.76,Fundacio Privada Reeixida,Associació/Entitat,Local/Comarcal,ERC
2023,"HERMES COMUNICACIONS, SA",A17374647,El Punt Avui,0.0,826.45,0.0,826.45,0.0,0.0,826.45,0.0,0.0,0.0,0.0,0.0,0.0,El Punt Avui,Premsa,Catalunya,ERC
2023,Col. Publicitaris i Rel. Publiques,Q0801011H,Col. Publicitaris I Rel. Publiques,0.0,326.93,0.0,326.93,0.0,79.0,0.0,247.93,0.0,0.0,0.0,0.0,0.0,Col. Publicitaris I Rel. Publiques,Associació/Entitat,Local/Comarcal,ERC
2023,"L'ENLLAC DELS ANOIENCS, SL",B62750443,L'Enllac Dels Anoiencs,0.0,106.0,0.0,106.0,0.0,0.0,106.0,0.0,0.0,0.0,0.0,0.0,0.0,L'Enllac Dels Anoiencs,Premsa,Local/Comarcal,ERC
2023,CA LA MANYANA SL,B60689270,Ca La Manyana,0.0,88.55,0.0,88.55,0.0,88.55,0.0,0.0,0.0,0.0,0.0,0.0,0.0,Ca La Manyana,Premsa,Local/Comarcal,ERC
2024,"CORPORACIO CATALANA DE MITJANS AUDIOVISUALS, S.A.",A08849622,CCMA (Mitjans públics catalans),0.0,159380.19,3775859.43,3935239.62,0.0,125076.72,19703.47,0.0,0.0,0.0,0.0,0.0,3790459.43,TV3 (CCMA),TV,Catalunya,ERC/PSC
2024,"LA VANGUARDIA EDICIONES,S.L.",B61475257,Grup Godó,982861.44,143292.37,2796033.61,3922187.42,25673.08,43770.4,30851.99,0.0,0.0,3765.77,0.0,0.0,3818126.18,La Vanguardia,Premsa,Catalunya,ERC/PSC
2024,"EL PERIODICO DE CATALUNYA, SLU",B66485343,Prensa Ibérica,703780.07,272872.38,2442227.82,3418880.27,34012.5,114899.96,72206.27,0.0,0.0,2942.31,0.0,0.0,3194819.23,El Periódico de Catalunya,Premsa,Catalunya,ERC/PSC
2024,"EDICIO DE PREMSA PERIODICA ARA, SL",B65258261,Diari ARA,879502.5,315106.49,2202737.02,3397346.01,24378.61,124817.74,40412.52,8551.04,0.0,20941.54,0.0,0.0,3178244.56,Ara,Premsa,Catalunya,ERC/PSC
2024,"RADIOCAT XXI,S.L.",B61726626,Grup Godó,749846.52,0.0,2149657.72,2899504.24,0.0,0.0,0.0,0.0,0.0,0.0,0.0,0.0,2899504.24,RAC1,Ràdio,Catalunya,ERC/PSC
2024,"HERMES COMUNICACIONS,S.A.",A17374547,Hermes Comunicacions (Punt Avui),845763.84,400614.7,1227257.34,2473635.88,11389.04,58872.83,250475.49,304.55,0.0,11722.42,5272.3,0.0,2135599.25,El Punt Avui,Premsa,Catalunya,ERC/PSC
2024,"SOCIEDAD ESPANOLA DE RADIODIFUSION, SL",B28016970,Grupo Prisa,200000.0,472962.14,1126347.79,1799309.93,0.0,263162.84,199882.3,0.0,9917.0,0.0,0.0,0.0,1326347.79,Cadena SER,Ràdio,Espanya,ERC/PSC
2024,"GRUP FLAIX, SL",B61801635,Flaix (Flaixbac / Flaix FM),340000.0,0.0,1112330.56,1452330.56,0.0,0.0,0.0,0.0,0.0,0.0,0.0,0.0,1452330.56,Flaix (Flaixbac / Flaix FM),Ràdio,Catalunya,ERC/PSC
2024,"DIARI SEGRE, S.L.U.",B25275926,Segre,317594.58,560210.62,408969.8,1286775.0,0.0,11115.9,172282.7,0.0,0.0,375373.54,0.0,0.0,728002.86,Segre,Premsa,Local/Comarcal,ERC/PSC
2024,GRUP LES NOTICIES DE CATALUNYA,B66541947,El Nacional,504494.75,22000.0,663982.92,1190477.67,0.0,0.0,0.0,0.0,0.0,22000.0,0.0,0.0,1168477.67,El Nacional,Internet,Catalunya,ERC/PSC
2024,ASSOCIACIO DE MITJANS D INFORMACIO I COMUNICACIO,G61514162,AMIC (Associació de Mitjans),645988.8,31575.32,354863.12,1032427.24,8000.0,3090.0,13585.32,0.0,12000.0,14900.0,0.0,0.0,980851.92,AMIC (Associació de Mitjans),Associació/Entitat,Catalunya,ERC/PSC
2024,CATALUNYA RÀDIO,A08846974,CCMA (Mitjans públics catalans),0.0,6577.9,1025382.53,1031960.43,0.0,0.0,2568.9,0.0,0.0,4009.0,0.0,0.0,1025382.53,Catalunya Ràdio,Ràdio,Catalunya,ERC/PSC
2024,"EDICIONES DEP.CATALANAS,S.A.",A08605503,Prensa Ibérica,0.0,232739.94,748296.41,981036.35,0.0,199566.9,4792.29,0.0,0.0,0.0,0.0,0.0,776677.16,Sport,Premsa,Catalunya,ERC/PSC
2024,"DIARI DE GIRONA, S.A.",A61135521,Prensa Ibérica,351658.46,119128.5,360783.14,831570.1,0.0,23061.63,74157.81,0.0,26433.65,0.0,0.0,0.0,707917.01,Diari de Girona,Premsa,Local/Comarcal,ERC/PSC
2024,"SAPIENS, SCCL",F64074982,Sàpiens,0.0,0.0,815201.08,815201.08,0.0,0.0,0.0,0.0,0.0,0.0,0.0,0.0,815201.08,Sàpiens,Premsa,Catalunya,ERC/PSC
2024,ASSOC.PUBLICACIONS PERIODIQUES EN CATALA DABAST NACIONAL DE BARCELONA,G58366675,APPEC (Associació editors premsa),397812.8,325011.0,0.0,722823.8,0.0,14793.71,0.0,15000.0,66100.0,0.0,0.0,0.0,626930.09,APPEC (Associació editors premsa),Associació/Entitat,Catalunya,ERC/PSC
2024,"SERVEIS DE COMUNICACIO GLOBAL AQUITANIA,",B60955564,Nació Digital,0.0,1950.0,691803.66,693753.66,0.0,0.0,1950.0,0.0,0.0,0.0,0.0,0.0,691803.66,Nació Digital,Internet,Catalunya,ERC/PSC
2024,PROMOTORA MEDITERRANEA DE INFORMACI,A43056787,El Temps,75000.0,223543.74,393345.3,691889.04,0.0,49072.14,145329.93,289.26,0.0,0.0,15403.74,0.0,481793.97,El Temps,Premsa,Comunitat Valenciana,ERC/PSC
2024,"EDICIONS INTERCOMARCALS,S.A.",A08539165,Regió 7,302361.41,40865.86,299704.89,642932.16,0.0,14730.5,9441.98,497.68,0.0,481.3,0.0,0.0,617780.7,Regió 7,Premsa,Local/Comarcal,ERC/PSC
2024,80 MES 4 PUBLICACIONS SL,B65672495,Premsa comarcal (80 Mes 4 Publicacions),188634.7,59028.34,353007.23,600670.27,0.0,56058.34,2970.0,0.0,0.0,0.0,0.0,0.0,541641.93,Premsa comarcal (80 Mes 4 Publicacions),Premsa,Local/Comarcal,ERC/PSC
2024,PREMSA D OSONA (EL 9 NOU),A08447369,El 9 Nou,232583.96,51572.17,229834.57,513990.7,0.0,21249.88,24801.06,6177.69,0.0,0.0,0.0,0.0,461762.07,El 9 Nou,Premsa,Local/Comarcal,ERC/PSC
2024,UNIPREX SA,A28782936,Onda Cero / Europa FM,0.0,22784.0,488678.84,511462.84,0.0,0.0,1785.0,0.0,0.0,20999.0,0.0,0.0,488678.84,Onda Cero / Europa FM,Ràdio,Espanya,ERC/PSC
2024,"EUROPA PRESS CATALUNYA,S.A.",A08536922,Europa Press,0.0,497845.21,0.0,497845.21,31853.16,75232.71,0.0,39024.99,0.0,0.0,0.0,0.0,351734.35,Europa Press Catalunya,Agència de notícies,Catalunya,ERC/PSC
2024,EDICIONS DIGIT. DE PREMSA LOCAL SL,B09844770,Nació Digital,383610.63,99797.62,0.0,483408.25,0.0,12734.0,57146.02,0.0,0.0,29860.0,0.0,0.0,383668.23,Premsa local digital (grup),Internet,Local/Comarcal,ERC/PSC
2024,"Agència EFE, S.A.U.  S.M.E.",A28028744,Agència EFE,0.0,478037.48,0.0,478037.48,71201.6,105053.05,8350.0,30006.15,0.0,0.0,0.0,0.0,263426.68,Agència EFE,Agència de notícies,Espanya,ERC/PSC
2024,"EL MUNDO DEPORTIVO, SA",A59114082,Grup Godó,18000.0,11280.32,380150.58,409430.9,19342.31,3314.36,3512.29,329.75,0.0,0.0,0.0,0.0,382932.19,Mundo Deportivo,Premsa,Espanya,ERC/PSC
2024,"20 MINUTOS EDITORA, SL",B99083966,20 Minutos,0.0,8000.0,395199.87,403199.87,0.0,8000.0,0.0,0.0,0.0,0.0,0.0,0.0,395199.87,20 Minutos,Premsa,Espanya,ERC/PSC
2024,"EDICIONES EL PAIS, S.L.",B85635910,Grupo Prisa,85000.0,68183.97,242284.0,395467.97,19464.88,21207.78,7451.59,776.36,0.0,0.0,0.0,0.0,346567.36,El País,Premsa,Espanya,ERC/PSC
2024,EDICIONS DIARI DE TERRASSA S.L.,B02851848,Diari de Terrassa,165588.32,29534.26,179200.82,374323.4,0.0,2878.1,16390.88,4276.87,0.0,0.0,0.0,0.0,350777.55,Diari de Terrassa,Premsa,Local/Comarcal,ERC/PSC
2024,NOVAPRESS EDICIONS SL,B67186866,Premsa/digital local (Novapress),182257.55,161428.35,0.0,343685.9,0.0,1353.75,152637.02,2617.41,0.0,0.0,0.0,0.0,187077.72,Premsa/digital local (Novapress),Internet,Local/Comarcal,ERC/PSC
2024,AS. PROM. DONES CINEASTES I DE MITJ,G67007005,As. Prom. Dones Cineastes I De Mitj,314843.91,19850.0,0.0,334693.91,66900.0,19850.0,0.0,17522.32,0.0,0.0,0.0,0.0,230421.59,As. Prom. Dones Cineastes I De Mitj,Premsa,Local/Comarcal,ERC/PSC
2024,"GRUP ENDERROCK EDICIONS, S.L.",B64863335,Enderrock,310754.33,17985.24,0.0,328739.57,4000.0,16825.7,31150.0,9.54,25000.0,0.0,0.0,0.0,251754.33,Enderrock,Premsa,Catalunya,ERC/PSC
2024,"Diario de Prensa Digital, S.L.",B86509254,Premsa digital (Diario de Prensa Digital),0.0,681.49,308652.07,309333.56,0.0,153.84,0.0,66.12,0.0,0.0,0.0,0.0,309113.6,Premsa digital (Diario de Prensa Digital),Internet,Espanya,ERC/PSC
2024,"GODO STRATEGIES, S.L.U.",B08936643,Grup Godó,0.0,308869.82,0.0,308869.82,0.0,179531.13,107158.02,350.0,4135.25,17695.42,0.0,0.0,0.0,Godó Strategies (serveis Grup Godó),Altres,Catalunya,ERC/PSC
2024,"RADIO POPULAR,S.A.",A28281368,Cadena COPE,45000.0,22141.0,206182.61,273323.61,0.0,3800.0,15041.0,0.0,0.0,3300.0,0.0,0.0,251182.61,Cadena COPE,Ràdio,Espanya,ERC/PSC
2024,Totmedia Comunicació SL,B58364936,Totmedia Comunicació (Grup Hermes),131294.5,132449.29,0.0,263743.79,0.0,57753.1,68496.19,0.0,0.0,6200.0,0.0,0.0,131294.5,Totmedia Comunicació (Grup Hermes),Premsa,Catalunya,ERC/PSC
2024,"TAMEDIAXA, SA",A43926682,Tamediaxa,145511.29,101950.07,0.0,247461.36,0.0,10999.88,88535.14,0.0,0.0,0.0,0.0,0.0,147926.34,Tamediaxa,Premsa,Local/Comarcal,ERC/PSC
2024,FUNDACIO BLANQUERNA,R5800622B,Fundació Blanquerna (URL),155630.91,83484.16,0.0,239115.07,19800.0,18382.5,88932.5,8861.16,2000.0,0.0,0.0,0.0,101138.91,Fundació Blanquerna (URL),Associació/Entitat,Catalunya,ERC/PSC
2024,Ediciones Condé Nast SA,A28122076,"Condé Nast (Vogue, GQ...)",0.0,0.0,227129.0,227129.0,0.0,0.0,0.0,0.0,0.0,0.0,0.0,0.0,227129.0,"Condé Nast (Vogue, GQ...)",Premsa,Espanya,ERC/PSC
2024,"EL MUNDO DEPORTIVO, SA",A08025009,Grup Godó,0.0,0.0,216660.69,216660.69,0.0,0.0,0.0,0.0,0.0,0.0,0.0,0.0,216660.69,Mundo Deportivo,Premsa,Espanya,ERC/PSC
2024,Promotora de Informaciones SA (PRISA),A28297059,Grupo Prisa,0.0,0.0,216654.3,216654.3,0.0,0.0,0.0,0.0,0.0,0.0,0.0,0.0,216654.3,Grupo PRISA,Premsa,Espanya,ERC/PSC
2024,ASSOC.CATALANA PREMSA COMARCAL,G58010315,Associació Catalana de Premsa Comarcal,210000.0,1750.0,0.0,211750.0,0.0,1750.0,0.0,0.0,0.0,0.0,0.0,0.0,210000.0,Associació Catalana de Premsa Comarcal,Associació/Entitat,Catalunya,ERC/PSC
2024,"EDICIONS DEL PAIS VALENCIA, S.A.",A46186821,Premsa Comunitat Valenciana (Edicions),118975.24,75265.81,0.0,194241.05,0.0,22859.33,3833.65,0.0,0.0,22029.81,2927.88,0.0,142590.38,Premsa Comunitat Valenciana (Edicions),Premsa,Comunitat Valenciana,ERC/PSC
2024,"PARTAL, MARESMA & ASSOCIATS,S.L.",B61017810,VilaWeb,99816.27,1457.88,92649.46,193923.61,0.0,1342.5,0.0,0.0,0.0,0.0,0.0,0.0,192581.11,VilaWeb,Internet,Catalunya,ERC/PSC
2024,"COMUNICACIO VINARIA, S.L.",B65331704,Comunicació Vinaròs,80469.16,84810.69,0.0,165279.85,0.0,26070.0,87540.69,0.0,0.0,0.0,0.0,0.0,51669.16,Comunicació Vinaròs,Premsa,Comunitat Valenciana,ERC/PSC
2024,Atresmedia Corporación de Medios de Comunicación SA,A86436195,Antena 3 (Atresmedia),0.0,0.0,153967.85,153967.85,0.0,0.0,0.0,0.0,0.0,0.0,0.0,0.0,153967.85,Antena 3 (Atresmedia),TV,Espanya,ERC/PSC
2024,Editorial Prensa Ibicenca SA,A07136472,Premsa Illes Balears (Prensa Ibicenca),0.0,0.0,147600.0,147600.0,0.0,0.0,0.0,0.0,0.0,0.0,0.0,0.0,147600.0,Premsa Illes Balears (Prensa Ibicenca),Premsa,Illes Balears,ERC/PSC
2024,Editora Balear SA,A07016732,Premsa Illes Balears (Editora Balear),0.0,0.0,146800.0,146800.0,0.0,0.0,0.0,0.0,0.0,0.0,0.0,0.0,146800.0,Premsa Illes Balears (Editora Balear),Premsa,Illes Balears,ERC/PSC
2024,"EDITORIAL L'EMPORDA,S.L.U.",B17091711,El Empordà,74746.35,59986.99,0.0,134733.34,0.0,7387.43,46558.36,0.0,5785.2,0.0,0.0,0.0,75002.35,El Empordà,Premsa,Local/Comarcal,ERC/PSC
2024,EDICIONS DEL NUVOL,B66917048,Núvol,84435.7,47156.67,0.0,131592.37,4640.0,37094.17,1462.5,3960.0,0.0,0.0,0.0,0.0,84435.7,Núvol,Internet,Catalunya,ERC/PSC
2024,"L'AVENC,S.L.",B08503583,L'Avenç,113208.81,16058.56,0.0,129267.37,5000.0,6673.95,384.61,0.0,0.0,0.0,0.0,0.0,117208.81,L'Avenç,Premsa,Catalunya,ERC/PSC
2024,"MEDIASET ESPAÑA COMUNICACIÓN, S.A.",A79075438,Telecinco / Cuatro (Mediaset),0.0,0.0,118674.78,118674.78,0.0,0.0,0.0,0.0,0.0,0.0,0.0,0.0,118674.78,Telecinco / Cuatro (Mediaset),TV,Espanya,ERC/PSC
2024,CRITIC SCCL,F66334806,Crític,88685.3,26508.44,0.0,115193.74,24331.53,11657.69,0.0,115.38,0.0,0.0,0.0,0.0,79089.14,Crític,Internet,Catalunya,ERC/PSC
2024,"EDICIONS SALORIA,S.L.",B25503566,Edicions Saloria,65919.69,47525.43,0.0,113445.12,0.0,32364.32,2381.11,0.0,3915.32,8000.0,0.0,0.0,66784.37,Edicions Saloria,Premsa,Local/Comarcal,ERC/PSC
2024,FUNDACIO FRANCESC EIXIMENIS,G46648655,Fundació Francesc Eiximenis,111424.2,1750.0,0.0,113174.2,0.0,1750.0,0.0,45000.0,18000.0,0.0,0.0,0.0,48424.2,Fundació Francesc Eiximenis,Associació/Entitat,Catalunya,ERC/PSC
2024,EDITORA SINGULAR DIGITAL 2GR SL,B64337462,El Singular Digital,109354.03,3240.0,0.0,112594.03,0.0,1990.0,1250.0,0.0,0.0,0.0,0.0,0.0,109354.03,El Singular Digital,Internet,Catalunya,ERC/PSC
2024,"EL VALLENC, S.L.",B43121144,El Vallenc,72164.79,39278.36,0.0,111443.15,0.0,5081.1,32219.41,0.0,0.0,0.0,0.0,0.0,74142.64,El Vallenc,Premsa,Local/Comarcal,ERC/PSC
2024,"RADIO TELE TAXI, SA",A08911745,Radio Tele Taxi,0.0,1250.0,107772.9,109022.9,0.0,0.0,1250.0,0.0,0.0,0.0,0.0,0.0,107772.9,Radio Tele Taxi,Ràdio,Local/Comarcal,ERC/PSC
2024,QUELCOM GLOBAL SL,B67273219,Quelcom Global,57543.94,49424.49,0.0,106968.43,14800.0,19798.71,0.0,710.4,8000.0,14000.0,0.0,0.0,49659.32,Quelcom Global,Altres,Catalunya,ERC/PSC
2024,ASSOCIACIO ESPAI LINIA,G04980595,Associació Espai Línia,106895.12,0.0,0.0,106895.12,3000.0,0.0,0.0,0.0,0.0,0.0,0.0,0.0,103895.12,Associació Espai Línia,Associació/Entitat,Catalunya,ERC/PSC
2024,BLUE GLOBE MEDIA SL,B67007807,Blue Globe Media,12668.59,93616.15,0.0,106284.74,0.0,63290.0,0.0,0.0,0.0,0.0,0.0,0.0,42994.74,Blue Globe Media,Premsa,Local/Comarcal,ERC/PSC
2024,"TIRABOL PRODUCCIONS, S.L.",B64166705,Racó Català,60751.03,34995.0,0.0,95746.03,0.0,6000.0,0.0,0.0,0.0,0.0,0.0,0.0,89746.03,Racó Català,Internet,Catalunya,ERC/PSC
2024,La Mañana Diari de Ponent SA,A25004474,La Mañana (Lleida),0.0,0.0,95594.59,95594.59,0.0,0.0,0.0,0.0,0.0,0.0,0.0,0.0,95594.59,La Mañana (Lleida),Premsa,Local/Comarcal,ERC/PSC
2024,"LIMICOLA, SL",B43808294,Limícola,44808.85,49650.41,0.0,94459.26,0.0,24823.41,24827.0,0.0,0.0,0.0,0.0,0.0,44808.85,Limícola,Altres,Local/Comarcal,ERC/PSC
2024,ASSOC. CULTURAL GARRIGUENCA DE COMUNICACIONS,G25452335,Assoc. Cultural Garriguenca De Comunicacions,52835.72,40706.94,0.0,93542.66,0.0,0.0,18158.48,0.0,0.0,25255.96,0.0,0.0,50128.22,Assoc. Cultural Garriguenca De Comunicacions,Associació/Entitat,Local/Comarcal,ERC/PSC
2024,ASSOCIACIO XARXA DIGITAL CATALANA,G63274534,Associacio Xarxa Digital Catalana,46975.13,42110.5,0.0,89085.63,2963.0,0.0,0.0,0.0,0.0,6105.0,0.0,0.0,80017.63,Associacio Xarxa Digital Catalana,Associació/Entitat,Local/Comarcal,ERC/PSC
2024,CRONICA GLOBAL MEDIA SL,B66566415,Prensa Ibérica,0.0,364.46,87614.26,87978.72,0.0,75.0,0.0,64.46,0.0,0.0,0.0,0.0,87839.26,Crónica Global,Internet,Catalunya,ERC/PSC
2024,CULTURA 21 SCCL,F65947814,Cultura 21,0.0,0.0,86410.17,86410.17,0.0,0.0,0.0,0.0,0.0,0.0,0.0,0.0,86410.17,Cultura 21,Associació/Entitat,Catalunya,ERC/PSC
2024,AIMC,G78982733,AIMC,82957.0,0.0,0.0,82957.0,0.0,0.0,0.0,0.0,0.0,0.0,0.0,0.0,82957.0,AIMC,Associació/Entitat,Espanya,ERC/PSC
2024,Fem Produccions S.L.,B66084377,Fem Produccions,35123.84,47511.58,0.0,82635.42,0.0,31176.58,0.0,16335.0,0.0,0.0,0.0,0.0,35123.84,Fem Produccions,Productora,Local/Comarcal,ERC/PSC
2024,Unidad Editorial Información General SL,B86150332,El Mundo / Unidad Editorial,0.0,0.0,80904.23,80904.23,0.0,0.0,0.0,0.0,0.0,0.0,0.0,0.0,80904.23,El Mundo / Unidad Editorial,Premsa,Espanya,ERC/PSC
2024,TITANIA COMPAÑIA EDITORIAL SL,B82938572,Titania Compañia Editorial,0.0,1100.47,69677.25,70777.72,0.0,513.46,0.0,73.55,0.0,0.0,0.0,0.0,70190.71,Titania Compañia Editorial,Premsa,Local/Comarcal,ERC/PSC
2024,Fundacio Impulsa Talentum XXI,G01927607,Fundacio Impulsa Talentum Xxi,69710.45,0.0,0.0,69710.45,10500.0,0.0,0.0,15000.0,0.0,0.0,0.0,0.0,44210.45,Fundacio Impulsa Talentum Xxi,Associació/Entitat,Local/Comarcal,ERC/PSC
2024,FUNDACIO PERIODISME PLURAL,G65978348,Fundació Periodisme Plural,66078.77,3479.17,0.0,69557.94,25000.0,2440.0,0.0,99.17,0.0,0.0,0.0,0.0,42018.77,Fundació Periodisme Plural,Associació/Entitat,Catalunya,ERC/PSC
2024,"ANAR FENT, SL",B63369086,Anar Fent,60776.59,7827.88,0.0,68604.47,0.0,7827.88,0.0,0.0,0.0,0.0,0.0,0.0,60776.59,Anar Fent,Premsa,Local/Comarcal,ERC/PSC
2024,MON TERRASSA SL,B66810987,Mon Terrassa,64913.92,0.0,0.0,64913.92,0.0,0.0,0.0,0.0,0.0,0.0,0.0,0.0,64913.92,Mon Terrassa,Premsa,Local/Comarcal,ERC/PSC
2024,"BIFIDUS PRODUCCIONS, SL",B63999254,Bifidus Produccions,26310.22,36157.59,0.0,62467.81,0.0,0.0,36157.59,0.0,0.0,0.0,0.0,0.0,26310.22,Bifidus Produccions,Productora,Local/Comarcal,ERC/PSC
2024,"CAPGROS COMUNICACIO, S.L.",B65078545,Capgròs (Empordà),38127.1,22556.38,0.0,60683.48,0.0,22036.38,520.0,0.0,0.0,0.0,0.0,0.0,38127.1,Capgròs (Empordà),Internet,Local/Comarcal,ERC/PSC
2024,DIARI CONNEXIOBCN SL,B67271304,Diari Connexiobcn,55496.04,4100.0,0.0,59596.04,0.0,4100.0,0.0,0.0,0.0,0.0,0.0,0.0,55496.04,Diari Connexiobcn,Premsa,Local/Comarcal,ERC/PSC
2024,ASSOCIACIO ESCOLA DE RADIO I PERIODISME DIGITAL DE L EMPORDA,G55372239,Associacio Escola De Radio I Periodisme Digital De L Emporda,48319.76,11200.0,0.0,59519.76,0.0,0.0,11200.0,6000.0,0.0,0.0,0.0,0.0,42319.76,Associacio Escola De Radio I Periodisme Digital De L Emporda,Associació/Entitat,Local/Comarcal,ERC/PSC
2024,"DIARIO ABC,SL",B82824194,ABC,0.0,9049.75,48022.24,57071.99,5880.0,0.0,0.0,590.91,0.0,0.0,0.0,0.0,50601.08,ABC,Premsa,Espanya,ERC/PSC
2024,"EDICIONS PERIODIQUES ARA BALEARS, S",B57806762,Diari ARA,56684.56,0.0,0.0,56684.56,0.0,0.0,0.0,0.0,0.0,0.0,0.0,0.0,56684.56,"Edicions Periodiques Ara Balears, S",Premsa,Local/Comarcal,ERC/PSC
2024,"INFOM KIT LPS, S.L.",B65946162,Infom Kit Lps,23769.16,31521.99,0.0,55291.15,0.0,20307.0,0.0,360.99,0.0,0.0,0.0,0.0,34623.16,Infom Kit Lps,Premsa,Local/Comarcal,ERC/PSC
2024,"XARXA AUDIOVISUAL LOCAL, SL",B65908337,Xarxa Audiovisual Local,0.0,55121.13,0.0,55121.13,0.0,19518.09,35603.04,0.0,0.0,0.0,0.0,0.0,0.0,Xarxa Audiovisual Local,TV,Local/Comarcal,ERC/PSC
2024,INFORMACIO DE COMARQUES SL,B25754078,Informacio De Comarques,29958.13,24712.69,0.0,54670.82,0.0,0.0,144.23,0.0,0.0,19280.0,0.0,0.0,35246.59,Informacio De Comarques,Premsa,Local/Comarcal,ERC/PSC
2024,PROMICSA SA,A43030302,Diari de Tarragona (Grup),0.0,0.0,52924.05,52924.05,0.0,0.0,0.0,0.0,0.0,0.0,0.0,0.0,52924.05,Diari de Tarragona (Grup),Premsa,Local/Comarcal,ERC/PSC
2024,Informació i Comunicació de Barcelona SA SPM,A60783686,Barcelona TV (ICB),0.0,0.0,52518.73,52518.73,0.0,0.0,0.0,0.0,0.0,0.0,0.0,0.0,52518.73,Barcelona TV (ICB),TV,Local/Comarcal,ERC/PSC
2024,CATMEDIA GLOBAL SL,B55053482,Directe.cat,52236.54,0.0,0.0,52236.54,0.0,0.0,0.0,0.0,0.0,0.0,0.0,0.0,52236.54,Directe.cat,Internet,Catalunya,ERC/PSC
2024,AS. VEGANA DE CATALUNYA,G05284112,As. Vegana De Catalunya,52000.0,0.0,0.0,52000.0,0.0,0.0,42000.0,10000.0,0.0,0.0,0.0,0.0,0.0,As. Vegana De Catalunya,Premsa,Local/Comarcal,ERC/PSC
2024,"Associació de Publicacions periòdiques en català, APPEC",G58335158,APPEC (Associació editors premsa),0.0,0.0,48709.23,48709.23,0.0,0.0,0.0,0.0,0.0,0.0,0.0,0.0,48709.23,APPEC (Associació editors premsa),Associació/Entitat,Catalunya,ERC/PSC
2024,LABORATORI LIVE MEDIA,G64210768,Laboratori Live Media,32381.98,14826.44,0.0,47208.42,6488.98,14826.44,0.0,0.0,0.0,0.0,0.0,0.0,25893.0,Laboratori Live Media,Premsa,Local/Comarcal,ERC/PSC
2024,ASSOC. CATALANA DE MITJANS LOCALS,G64172505,Assoc. Catalana De Mitjans Locals,17000.0,29927.96,0.0,46927.96,34927.96,0.0,0.0,0.0,0.0,0.0,0.0,0.0,12000.0,Assoc. Catalana De Mitjans Locals,Associació/Entitat,Local/Comarcal,ERC/PSC
2024,VALENCIA EXTRA S.L.,B98887185,Valencia Extra,45414.85,0.0,0.0,45414.85,0.0,0.0,0.0,0.0,0.0,0.0,0.0,0.0,45414.85,Valencia Extra,Premsa,Local/Comarcal,ERC/PSC
2024,"PUBLICACIONS ANOIA, S.L.",B08818189,Publicacions Anoia,42477.68,1272.43,0.0,43750.11,0.0,350.0,245.0,81.65,0.0,0.0,0.0,0.0,43073.46,Publicacions Anoia,Premsa,Local/Comarcal,ERC/PSC
2024,Associacio de l'observatori de les dones en els mitjans de comunicacio,G65059743,Associacio De L'Observatori De Les Dones En Els Mitjans De Comunicacio,40270.0,0.0,0.0,40270.0,0.0,0.0,0.0,20000.0,0.0,0.0,0.0,0.0,20270.0,Associacio De L'Observatori De Les Dones En Els Mitjans De Comunicacio,Associació/Entitat,Local/Comarcal,ERC/PSC
2024,GRUP DE PERIODISTES RAMON BARN,G62896196,Grup De Periodistes Ramon Barn,36783.12,3200.0,0.0,39983.12,3500.0,3200.0,0.0,0.0,0.0,0.0,0.0,0.0,33283.12,Grup De Periodistes Ramon Barn,Premsa,Local/Comarcal,ERC/PSC
2024,ASSOCIACIO XARXA AUDIVOSUAL COMUNIT,G42981498,Associacio Xarxa Audivosual Comunit,37985.47,0.0,0.0,37985.47,18110.62,0.0,0.0,6000.0,0.0,0.0,0.0,0.0,13874.85,Associacio Xarxa Audivosual Comunit,Associació/Entitat,Local/Comarcal,ERC/PSC
2024,ASS.PROMOC.MITJANS COMUN.LOCAL DTE,G60493467,Ass.Promoc.Mitjans Comun.Local Dte,28184.79,6000.0,0.0,34184.79,9500.0,6000.0,0.0,0.0,0.0,0.0,0.0,0.0,18684.79,Ass.Promoc.Mitjans Comun.Local Dte,Associació/Entitat,Local/Comarcal,ERC/PSC
2024,HEARST ESPAÑA SL,B81230764,Hearst España (revistes),0.0,0.0,32739.75,32739.75,0.0,0.0,0.0,0.0,0.0,0.0,0.0,0.0,32739.75,Hearst España (revistes),Premsa,Espanya,ERC/PSC
2024,EDITORIAL ECOPRENSA SA,A84289230,Editorial Ecoprensa,0.0,844.99,29180.67,30025.66,0.0,173.06,0.0,288.28,0.0,0.0,0.0,0.0,29564.32,Editorial Ecoprensa,Premsa,Local/Comarcal,ERC/PSC
2024,AUDIOVISUAL ESPAÑOLA 2000 SA,A82031329,esRadio,0.0,6887.58,22600.0,29487.58,2546.23,655.77,0.0,0.0,0.0,0.0,0.0,0.0,26285.58,esRadio,Ràdio,Espanya,ERC/PSC
2024,ASS.CULTURAL L'INDEPENDENT DE GRACI,G66245986,Ass.Cultural L'Independent De Graci,27823.83,413.22,0.0,28237.05,6613.22,0.0,0.0,0.0,0.0,0.0,0.0,0.0,21623.83,Ass.Cultural L'Independent De Graci,Associació/Entitat,Local/Comarcal,ERC/PSC
2024,ASSOCIACIO ONA MEDITERRANIA,G57834004,Associacio Ona Mediterrania,27746.5,0.0,0.0,27746.5,0.0,0.0,0.0,0.0,0.0,0.0,0.0,0.0,27746.5,Associacio Ona Mediterrania,Associació/Entitat,Local/Comarcal,ERC/PSC
2024,Col. Publicitaris i Rel. Publiques,Q0801011H,Col. Publicitaris I Rel. Publiques,25000.0,2737.93,0.0,27737.93,0.0,990.0,0.0,1747.93,0.0,0.0,0.0,0.0,25000.0,Col. Publicitaris I Rel. Publiques,Associació/Entitat,Local/Comarcal,ERC/PSC
2024,PROYECTO POLARIS COMUNICACION SL,B40591877,Proyecto Polaris Comunicacion,27408.48,0.0,0.0,27408.48,0.0,0.0,0.0,0.0,0.0,0.0,0.0,0.0,27408.48,Proyecto Polaris Comunicacion,Premsa,Local/Comarcal,ERC/PSC
2024,ASSOCIACIO CATOSFERA,G67190405,Associacio Catosfera,23930.85,3305.79,0.0,27236.64,0.0,3305.79,11474.45,0.0,0.0,0.0,0.0,0.0,12456.4,Associacio Catosfera,Associació/Entitat,Local/Comarcal,ERC/PSC
2024,"GARRAF NEWS MEDIA, SL",B64053770,Garraf News Media,21857.46,5306.77,0.0,27164.23,0.0,1093.85,4116.92,0.0,0.0,0.0,0.0,0.0,21953.46,Garraf News Media,Premsa,Local/Comarcal,ERC/PSC
2024,ASSOC.FORA DE QUADRE ASSOCIACIO FORA DE QUADRE,G63071518,Assoc.Fora De Quadre Associacio Fora De Quadre,26837.05,0.0,0.0,26837.05,5550.0,0.0,0.0,2799.45,0.0,0.0,0.0,0.0,18487.6,Assoc.Fora De Quadre Associacio Fora De Quadre,Associació/Entitat,Local/Comarcal,ERC/PSC
2024,Unidad Editorial Información Económica SL,B85076900,Unidad Editorial (informació econ.),0.0,0.0,24795.82,24795.82,0.0,0.0,0.0,0.0,0.0,0.0,0.0,0.0,24795.82,Unidad Editorial (informació econ.),Premsa,Espanya,ERC/PSC
2024,ASOCIACION CULTURAL AJOBLANCO,G66834920,Asociacion Cultural Ajoblanco,24700.0,0.0,0.0,24700.0,0.0,0.0,0.0,0.0,0.0,0.0,0.0,0.0,24700.0,Asociacion Cultural Ajoblanco,Premsa,Local/Comarcal,ERC/PSC
2024,Marca Radio SL,B85088052,Radio Marca,0.0,0.0,24599.15,24599.15,0.0,0.0,0.0,0.0,0.0,0.0,0.0,0.0,24599.15,Radio Marca,Ràdio,Espanya,ERC/PSC
2024,Prensa Ibérica 360 SL,B57447849,Prensa Ibérica,0.0,24520.0,0.0,24520.0,0.0,22850.0,1670.0,0.0,0.0,0.0,0.0,0.0,0.0,Prensa Ibérica (digital),Internet,Espanya,ERC/PSC
2024,Ass. Cat. Editors de Diaris,G62841697,Ass. Cat. Editors De Diaris,24001.6,0.0,0.0,24001.6,0.0,0.0,0.0,0.0,0.0,0.0,0.0,0.0,24001.6,Ass. Cat. Editors De Diaris,Associació/Entitat,Local/Comarcal,ERC/PSC
2024,ORNA COMUNICACION SL,B64508955,Orna Comunicacion,23435.99,0.0,0.0,23435.99,0.0,0.0,0.0,0.0,0.0,0.0,0.0,0.0,23435.99,Orna Comunicacion,Premsa,Local/Comarcal,ERC/PSC
2024,PUBLI DASER S.L.,B66258757,Publi Daser,21601.01,1124.88,0.0,22725.89,0.0,310.0,575.0,239.88,0.0,0.0,0.0,0.0,21601.01,Publi Daser,Premsa,Local/Comarcal,ERC/PSC
2024,LABORATORI D'IDEES METROPOLITANES SL,B72777048,Laboratori D'Idees Metropolitanes,15000.0,7632.0,0.0,22632.0,0.0,7632.0,0.0,0.0,0.0,0.0,0.0,0.0,15000.0,Laboratori D'Idees Metropolitanes,Premsa,Local/Comarcal,ERC/PSC
2024,TOT CERDANYOLA SL,B60651874,Tot Cerdanyola,22613.98,0.0,0.0,22613.98,0.0,0.0,0.0,0.0,0.0,0.0,0.0,0.0,22613.98,Tot Cerdanyola,Premsa,Local/Comarcal,ERC/PSC
2024,ASSOCIACIO CULTURAL REVISTA ALELLA,G59119594,Associacio Cultural Revista Alella,21807.18,580.25,0.0,22387.43,0.0,571.16,11134.09,0.0,0.0,0.0,0.0,0.0,10682.18,Associacio Cultural Revista Alella,Associació/Entitat,Local/Comarcal,ERC/PSC
2024,"EDICIONS VALLS COMUNICACIO, S.L.",B43518232,Edicions Valls Comunicacio,11862.29,8607.08,0.0,20469.37,0.0,0.0,8607.08,0.0,0.0,0.0,0.0,0.0,11862.29,Edicions Valls Comunicacio,Premsa,Local/Comarcal,ERC/PSC
2024,ASSOCIACIO CULTURAL VALORS,G63498109,Associacio Cultural Valors,14970.96,5436.14,0.0,20407.1,0.0,0.0,0.0,902.48,0.0,0.0,0.0,0.0,19504.62,Associacio Cultural Valors,Associació/Entitat,Local/Comarcal,ERC/PSC
2024,"RBA Revistas, SL",B64610389,RBA Holding,0.0,1048.62,18924.0,19972.62,0.0,0.0,1048.62,0.0,0.0,0.0,0.0,0.0,18924.0,RBA Revistas,Premsa,Espanya,ERC/PSC
2024,"L'ENLLAC DELS ANOIENCS, SL",B62750443,L'Enllac Dels Anoiencs,0.0,18029.0,0.0,18029.0,0.0,0.0,0.0,18029.0,0.0,0.0,0.0,0.0,0.0,L'Enllac Dels Anoiencs,Premsa,Local/Comarcal,ERC/PSC
2024,"ALTERNATIVAS ECONOMICAS, SCCL",F65942765,Alternativas Economicas,0.0,0.0,17627.5,17627.5,0.0,0.0,0.0,0.0,0.0,0.0,0.0,0.0,17627.5,Alternativas Economicas,Premsa,Local/Comarcal,ERC/PSC
2024,"RaDIO ASS. DE CATALUNYA, SCCL",F08657306,Radio Ass. De Catalunya,15445.32,2000.0,0.0,17445.32,0.0,0.0,2000.0,0.0,0.0,0.0,0.0,0.0,15445.32,Radio Ass. De Catalunya,Associació/Entitat,Local/Comarcal,ERC/PSC
2024,Comunicacions Premsa SA,A60804930,Comunicacions Premsa,0.0,0.0,16875.1,16875.1,0.0,0.0,0.0,0.0,0.0,0.0,0.0,0.0,16875.1,Comunicacions Premsa,Premsa,Local/Comarcal,ERC/PSC
2024,"MANGRANA CULTURA CONTEMPORANIA, SCCL",F09679770,Mangrana Cultura Contemporania,7183.0,9152.15,0.0,16335.15,0.0,3670.0,4500.0,782.15,0.0,2388.0,0.0,0.0,4995.0,Mangrana Cultura Contemporania,Premsa,Local/Comarcal,ERC/PSC
2024,L?INSTITUT DE RECURSOS I INVESTIGACIO PE,B58583568,L?Institut De Recursos I Investigacio Pe,0.0,15760.37,0.0,15760.37,0.0,11702.61,1006.82,56.94,0.0,0.0,0.0,0.0,2994.0,L?Institut De Recursos I Investigacio Pe,Associació/Entitat,Local/Comarcal,ERC/PSC
2024,ASSO.VEINS PROP.MONT D'ORSA DE VALL,G08903346,Asso.Veins Prop.Mont D'Orsa De Vall,14700.0,0.0,0.0,14700.0,10700.0,0.0,0.0,2000.0,0.0,0.0,0.0,0.0,2000.0,Asso.Veins Prop.Mont D'Orsa De Vall,Premsa,Local/Comarcal,ERC/PSC
2024,SINDICAT DE PERIODISTES DE CATALUNY,G60369931,Sindicat De Periodistes De Cataluny,14600.0,0.0,0.0,14600.0,4100.0,0.0,0.0,0.0,0.0,0.0,0.0,0.0,10500.0,Sindicat De Periodistes De Cataluny,Associació/Entitat,Local/Comarcal,ERC/PSC
2024,EDICIONS LA VEU DEL PAIS VALENCIA S,F98614076,Edicions La Veu Del Pais Valencia S,13228.41,800.0,0.0,14028.41,0.0,800.0,0.0,0.0,0.0,0.0,0.0,0.0,13228.41,Edicions La Veu Del Pais Valencia S,Premsa,Local/Comarcal,ERC/PSC
2024,EQUINOX MEDIA SL,B44710820,Equinox Media,14000.0,0.0,0.0,14000.0,0.0,0.0,0.0,0.0,0.0,0.0,0.0,0.0,14000.0,Equinox Media,Premsa,Local/Comarcal,ERC/PSC
2024,"Publicacions de l'Abadia de Montserrat, S.A.",A08176499,Publicacions de l'Abadia de Montserrat,0.0,0.0,13643.63,13643.63,0.0,0.0,0.0,0.0,0.0,0.0,0.0,0.0,13643.63,Publicacions de l'Abadia de Montserrat,Premsa,Catalunya,ERC/PSC
2024,"BALAGUER AUDIOVISUALS, S.L.",B25629734,Balaguer Audiovisuals,11381.35,450.0,0.0,11831.35,0.0,0.0,0.0,0.0,0.0,450.0,0.0,0.0,11381.35,Balaguer Audiovisuals,TV,Local/Comarcal,ERC/PSC
2024,FUNDACIO JOSEP IRLA,,Fundacio Josep Irla,11700.0,0.0,0.0,11700.0,0.0,0.0,0.0,0.0,0.0,0.0,0.0,0.0,11700.0,Fundacio Josep Irla,Associació/Entitat,Local/Comarcal,ERC/PSC
2024,"Prisa Media, SL",A88096458,Grupo Prisa,0.0,11080.0,0.0,11080.0,0.0,8000.0,3080.0,0.0,0.0,0.0,0.0,0.0,0.0,Grupo PRISA,Premsa,Espanya,ERC/PSC
2024,Federació de Mitjans de Comunicació locals de Catalunya,G61436507,Federació De Mitjans De Comunicació Locals De Catalunya,10000.0,0.0,0.0,10000.0,0.0,0.0,0.0,0.0,5000.0,5000.0,0.0,0.0,0.0,Federació De Mitjans De Comunicació Locals De Catalunya,Premsa,Local/Comarcal,ERC/PSC
2024,"PREMSA LOCAL EL JARDI, SCCL",F67269993,Premsa Local El Jardi,9058.31,0.0,0.0,9058.31,0.0,0.0,0.0,0.0,0.0,0.0,0.0,0.0,9058.31,Premsa Local El Jardi,Premsa,Local/Comarcal,ERC/PSC
2024,ASS.CULT. AMICS RADIO FM RIPOLLES,G55053284,Ass.Cult. Amics Radio Fm Ripolles,7000.0,1684.91,0.0,8684.91,0.0,0.0,1684.91,0.0,0.0,0.0,0.0,0.0,7000.0,Ass.Cult. Amics Radio Fm Ripolles,Associació/Entitat,Local/Comarcal,ERC/PSC
2024,LA RELLA.INICIATIVES SOCIOCULTURALS,G63494009,La Rella.Iniciatives Socioculturals,8275.0,0.0,0.0,8275.0,0.0,0.0,0.0,0.0,0.0,0.0,0.0,0.0,8275.0,La Rella.Iniciatives Socioculturals,Premsa,Local/Comarcal,ERC/PSC
2024,"HERMES COMUNICACIONS, SA",A17374647,El Punt Avui,0.0,8110.06,0.0,8110.06,0.0,3310.6,4799.46,0.0,0.0,0.0,0.0,0.0,0.0,El Punt Avui,Premsa,Catalunya,ERC/PSC
2024,FUNDACIO PRIVADA VINCLE,G64913817,Fundacio Privada Vincle,7800.8,0.0,0.0,7800.8,0.0,0.0,0.0,0.0,0.0,0.0,0.0,0.0,7800.8,Fundacio Privada Vincle,Associació/Entitat,Local/Comarcal,ERC/PSC
2024,A.D.C. DIRCOM,G80473259,A.D.C. Dircom,5000.0,2160.0,0.0,7160.0,0.0,2160.0,0.0,0.0,0.0,0.0,0.0,0.0,5000.0,A.D.C. Dircom,Premsa,Local/Comarcal,ERC/PSC
2024,ASSOCIACIO CULT.AMICS DE L'OM,,Associacio Cult.Amics De L'Om,7118.75,0.0,0.0,7118.75,0.0,0.0,0.0,0.0,0.0,0.0,0.0,0.0,7118.75,Associacio Cult.Amics De L'Om,Associació/Entitat,Local/Comarcal,ERC/PSC
2024,ASSOCIACIO CULTURAL LA TORRATXA,G02859882,Associacio Cultural La Torratxa,7038.8,0.0,0.0,7038.8,0.0,0.0,0.0,0.0,0.0,0.0,0.0,0.0,7038.8,Associacio Cultural La Torratxa,Associació/Entitat,Local/Comarcal,ERC/PSC
2024,FUND.CONSELL DE LA INFORMACIO CAT.,V61980728,Fund.Consell De La Informacio Cat.,7000.0,0.0,0.0,7000.0,0.0,0.0,0.0,0.0,0.0,0.0,0.0,0.0,7000.0,Fund.Consell De La Informacio Cat.,Associació/Entitat,Local/Comarcal,ERC/PSC
2024,Catalunya Ràdio SRG,A08775487,CCMA (Mitjans públics catalans),0.0,0.0,6855.83,6855.83,0.0,0.0,0.0,0.0,0.0,0.0,0.0,0.0,6855.83,Catalunya Ràdio,Ràdio,Catalunya,ERC/PSC
2024,Associació Espai Sonor Català,G16394645,Associació Espai Sonor Català,6000.0,0.0,0.0,6000.0,0.0,0.0,0.0,0.0,0.0,0.0,0.0,0.0,6000.0,Associació Espai Sonor Català,Premsa,Local/Comarcal,ERC/PSC
2024,EUROPA PRESS NOTICIAS S.A.,A28078343,Europa Press,0.0,5500.0,0.0,5500.0,0.0,5500.0,0.0,0.0,0.0,0.0,0.0,0.0,0.0,Europa Press,Agència de notícies,Espanya,ERC/PSC
2024,Kiss Media SL,B83773610,Kiss Media,0.0,0.0,5007.01,5007.01,0.0,0.0,0.0,0.0,0.0,0.0,0.0,0.0,5007.01,Kiss Media,Premsa,Local/Comarcal,ERC/PSC
2024,PARENTHESIS MEDIA SL,B56677222,Parenthesis Media,0.0,4800.0,0.0,4800.0,0.0,0.0,0.0,4800.0,0.0,0.0,0.0,0.0,0.0,Parenthesis Media,Premsa,Local/Comarcal,ERC/PSC
2024,PAUTA MEDIA SL,B64869670,Pauta Media,0.0,4725.0,0.0,4725.0,0.0,4725.0,0.0,0.0,0.0,0.0,0.0,0.0,0.0,Pauta Media,Premsa,Local/Comarcal,ERC/PSC
2024,RBA LIBROS Y PUBLICACIONES SL,B66195207,RBA Holding,4215.0,0.0,0.0,4215.0,0.0,0.0,0.0,0.0,0.0,0.0,0.0,0.0,4215.0,RBA Llibres,Premsa,Espanya,ERC/PSC
2024,ASS.CULTURAL PER A LA CREACIO D'EMISSOR,G43398411,Ass.Cultural Per A La Creacio D'Emissor,4042.9,128.26,0.0,4171.16,0.0,0.0,2171.16,0.0,0.0,0.0,0.0,0.0,2000.0,Ass.Cultural Per A La Creacio D'Emissor,Associació/Entitat,Local/Comarcal,ERC/PSC
2024,ASSOCIACIO PER LA COMUNICACIO I LA COOPERACIO,G43606870,Associacio Per La Comunicacio I La Cooperacio,2000.0,2100.0,0.0,4100.0,0.0,0.0,2100.0,0.0,0.0,0.0,0.0,0.0,2000.0,Associacio Per La Comunicacio I La Cooperacio,Associació/Entitat,Local/Comarcal,ERC/PSC
2024,Agència EFE S.A.U. S.M.E.,,Agència EFE,0.0,4000.0,0.0,4000.0,0.0,0.0,0.0,0.0,0.0,0.0,0.0,0.0,4000.0,Agència Efe S.A.U. S.M.E.,Premsa,Local/Comarcal,ERC/PSC
2024,"Plandora, SCP",J25745654,Plandora,0.0,3902.0,0.0,3902.0,0.0,575.0,400.0,0.0,0.0,527.0,0.0,0.0,2400.0,Plandora,Premsa,Local/Comarcal,ERC/PSC
2024,COL.ENGINY.CAM.CANALS I PORTS,Q2867009I,Col.Enginy.Cam.Canals I Ports,0.0,3784.0,0.0,3784.0,0.0,3150.53,0.0,14.55,0.0,0.0,0.0,0.0,618.92,Col.Enginy.Cam.Canals I Ports,Associació/Entitat,Local/Comarcal,ERC/PSC
2024,Fundacio Privada Reeixida,G63307961,Fundacio Privada Reeixida,3479.88,150.0,0.0,3629.88,0.0,0.0,150.0,0.0,0.0,0.0,0.0,0.0,3479.88,Fundacio Privada Reeixida,Associació/Entitat,Local/Comarcal,ERC/PSC
2024,REPUTATION STRATEGY CONSULTANTS SL,B67605113,Reputation Strategy Consultants,0.0,3500.0,0.0,3500.0,0.0,3500.0,0.0,0.0,0.0,0.0,0.0,0.0,0.0,Reputation Strategy Consultants,Altres,Local/Comarcal,ERC/PSC
2024,Associacio de Cultura Popular i Tra,G05474028,Associacio De Cultura Popular I Tra,3212.38,0.0,0.0,3212.38,0.0,0.0,0.0,0.0,0.0,0.0,0.0,0.0,3212.38,Associacio De Cultura Popular I Tra,Associació/Entitat,Local/Comarcal,ERC/PSC
2024,"CAXIER EDICIONS, S.L.",B66411828,Caxier Edicions,0.0,2479.93,0.0,2479.93,0.0,130.0,787.95,1561.98,0.0,0.0,0.0,0.0,0.0,Caxier Edicions,Premsa,Local/Comarcal,ERC/PSC
2024,"RADIO I TELEVISIO DE CATALUNYA NOVA, S.L.",B43040187,Radio I Televisio De Catalunya Nova,0.0,2390.21,0.0,2390.21,0.0,0.0,2390.21,0.0,0.0,0.0,0.0,0.0,0.0,Radio I Televisio De Catalunya Nova,Ràdio,Local/Comarcal,ERC/PSC
2024,ASSOCIACIO RADIO COMUNITARIA HOSTAF ASSOCIACIO RADIO COMUNITARIA HOSTAF,G67059469,Associacio Radio Comunitaria Hostaf Associacio Radio Comunitaria Hostaf,2125.0,0.0,0.0,2125.0,2125.0,0.0,0.0,0.0,0.0,0.0,0.0,0.0,0.0,Associacio Radio Comunitaria Hostaf Associacio Radio Comunitaria Hostaf,Associació/Entitat,Local/Comarcal,ERC/PSC
2024,ASSOCIACIO BANC DEL TEMPS DE CERDAN ASSOCIACIO BANC DEL TEMPS DE CERDAN DEL VALLES,G67322370,Associacio Banc Del Temps De Cerdan Associacio Banc Del Temps De Cerdan Del Valles,2079.0,0.0,0.0,2079.0,0.0,0.0,2079.0,0.0,0.0,0.0,0.0,0.0,0.0,Associacio Banc Del Temps De Cerdan Associacio Banc Del Temps De Cerdan Del Valles,Associació/Entitat,Local/Comarcal,ERC/PSC
2024,ASSOC.ALUM.I EX ALUMNES ESC.TREBALL,,Assoc.Alum.I Ex Alumnes Esc.Treball,2000.0,0.0,0.0,2000.0,0.0,0.0,0.0,0.0,0.0,0.0,0.0,0.0,2000.0,Assoc.Alum.I Ex Alumnes Esc.Treball,Associació/Entitat,Local/Comarcal,ERC/PSC
2024,"RECLAM PUBLICITARI, SL",B58561978,Reclam Publicitari,0.0,1980.0,0.0,1980.0,0.0,700.0,1280.0,0.0,0.0,0.0,0.0,0.0,0.0,Reclam Publicitari,Altres,Local/Comarcal,ERC/PSC
2024,CA LA MANYANA SL,B60689270,Ca La Manyana,0.0,1587.5,0.0,1587.5,0.0,0.0,1587.5,0.0,0.0,0.0,0.0,0.0,0.0,Ca La Manyana,Premsa,Local/Comarcal,ERC/PSC
2024,ASS. CULT. ARGUDELL - LES ALBERES,G05487566,Ass. Cult. Argudell - Les Alberes,1500.0,0.0,0.0,1500.0,0.0,0.0,0.0,0.0,0.0,0.0,0.0,0.0,1500.0,Ass. Cult. Argudell - Les Alberes,Associació/Entitat,Local/Comarcal,ERC/PSC
2024,ASSOCIACIO FORUM 10,G67059063,Associacio Forum 10,1500.0,0.0,0.0,1500.0,0.0,0.0,0.0,0.0,0.0,0.0,0.0,0.0,1500.0,Associacio Forum 10,Associació/Entitat,Local/Comarcal,ERC/PSC
2024,ASSOCIACIO DE DIVULGACIO CIENTIFICA CIENCIA OBERTA,G09980095,Associacio De Divulgacio Cientifica Ciencia Oberta,1000.0,0.0,0.0,1000.0,0.0,0.0,0.0,0.0,0.0,0.0,0.0,0.0,1000.0,Associacio De Divulgacio Cientifica Ciencia Oberta,Associació/Entitat,Local/Comarcal,ERC/PSC
2024,"RADIO POPULAR, S.A. CADENA COPE",A75000190,Cadena COPE,0.0,750.0,0.0,750.0,0.0,0.0,0.0,0.0,0.0,750.0,0.0,0.0,0.0,Cadena COPE,Ràdio,Espanya,ERC/PSC
2024,ASSOCIACIO CULTURAL AD HOC,G66750217,Associacio Cultural Ad Hoc,0.0,700.0,0.0,700.0,0.0,0.0,700.0,0.0,0.0,0.0,0.0,0.0,0.0,Associacio Cultural Ad Hoc,Associació/Entitat,Local/Comarcal,ERC/PSC
2024,"SCIETAT PORTAL DE LLEIDA, SL",B25462854,Scietat Portal De Lleida,0.0,525.0,0.0,525.0,0.0,345.0,0.0,0.0,0.0,180.0,0.0,0.0,0.0,Scietat Portal De Lleida,Premsa,Local/Comarcal,ERC/PSC
2024,ASSOCIACIO SOM DE L OEST,G25849696,Associacio Som De L Oest,0.0,300.0,0.0,300.0,0.0,0.0,0.0,0.0,0.0,0.0,0.0,0.0,300.0,Associacio Som De L Oest,Associació/Entitat,Local/Comarcal,ERC/PSC
2024,Grupo Godó de comunicación SA,A08105702,Grupo Godó De Comunicación,0.0,195.0,0.0,195.0,0.0,0.0,0.0,0.0,0.0,0.0,0.0,0.0,195.0,Grupo Godó De Comunicación,Premsa,Local/Comarcal,ERC/PSC
2024,DIARI DE GIRONA,,Prensa Ibérica,0.0,70.0,0.0,70.0,0.0,0.0,70.0,0.0,0.0,0.0,0.0,0.0,0.0,Diari De Girona,Premsa,Local/Comarcal,ERC/PSC
